TFs,Genes,Weights,Occurrence,occurrence_percentage
ATF4,BHLHE40,1.3221206050496637,3,75.0
ATF4,SHMT2,1.0635519183794624,3,75.0
ATF4,ABCG1,0.5238193223347115,3,75.0
ATF4,HMGB1,0.3839911151877427,3,75.0
ATF4,HMGN2,0.052477231292741434,3,75.0
BATF,IL21R,2.5850256614957514,4,100.0
BATF,BCL2L11,1.9424878066559028,4,100.0
BATF,AHNAK,1.9074101528351122,4,100.0
BATF,DUSP4,1.8159661061729286,3,75.0
BATF,TNFRSF1B,1.749493603687079,4,100.0
BATF,SESN3,1.7460882776690474,3,75.0
BATF,SLC1A4,1.743101942800048,4,100.0
BATF,PDE4D,1.742102279746852,4,100.0
BATF,RAB11FIP1,1.6915621153927207,4,100.0
BATF,NINJ1,1.590634511089541,4,100.0
BATF,TNFAIP8,1.5487749505683732,4,100.0
BATF,MT2A,1.5407608573232408,3,75.0
BATF,GLRX,1.4504234360813713,4,100.0
BATF,HTATIP2,1.3652649865944073,4,100.0
BATF,SDCBP,1.3527159459734623,3,75.0
BATF,CDC42EP3,1.3461576959459023,3,75.0
BATF,CXCL13,1.34256390584184,4,100.0
BATF,CTLA4,1.2919826375890995,4,100.0
BATF,CD7,1.2808633837405752,4,100.0
BATF,CTSC,1.2502326024027457,4,100.0
BATF,STAM,1.2185198419833965,4,100.0
BATF,LYST,1.1581352155952669,4,100.0
BATF,IKZF3,1.1442918888064517,4,100.0
BATF,MIR4435-2HG,1.1266261751369668,4,100.0
BATF,CD5,1.1118498461409396,3,75.0
BATF,ATP2B4,1.1103355497698044,4,100.0
BATF,STAT5A,1.0875853980977044,4,100.0
BATF,CD4,1.0747997529628561,4,100.0
BATF,IL16,1.07010338222262,4,100.0
BATF,TGIF1,1.05936660652544,4,100.0
BATF,LDLRAD4,1.021387126083849,4,100.0
BATF,FAM107B,1.0028243830960832,4,100.0
BATF,GPX1,0.946451268868474,3,75.0
BATF,PTPRC,0.9393815302618754,3,75.0
BATF,SMS,0.9341348187663009,4,100.0
BATF,LINC00152,0.9117565533799166,4,100.0
BATF,GYG1,0.8159952759726592,4,100.0
BATF,PKM,0.8112418172696543,4,100.0
BATF,LMNA,0.7844219782740562,4,100.0
BATF,SATB1,0.7599945501335088,4,100.0
BATF,TRAF1,0.7534070246938094,4,100.0
BATF,SHMT2,0.733740086722661,4,100.0
BATF,CXCR3,0.7153498199756453,3,75.0
BATF,RFTN1,0.7132750202076943,4,100.0
BATF,LIMA1,0.6931941012637061,4,100.0
BATF,LGALS3,0.6795739052563738,4,100.0
BATF,INSIG1,0.6753320638760157,4,100.0
BATF,GADD45A,0.6665633345030711,4,100.0
BATF,NDRG1,0.6462681726966127,3,75.0
BATF,PFN1,0.5957322324771807,4,100.0
BATF,BIRC2,0.5632284300614971,4,100.0
BATF,MAP1LC3A,0.55136483966846,4,100.0
BATF,CD247,0.547897595181791,3,75.0
BATF,LIMS1,0.5061406648447203,3,75.0
BATF,PRDM1,0.49515728682532145,4,100.0
BATF,COTL1,0.4892889160449711,3,75.0
BATF,FOXP1,0.4765977149948638,4,100.0
BATF,FYN,0.4598595275151153,4,100.0
BATF,ITGAE,0.43048242182285534,3,75.0
BATF,CREM,0.36286476396424366,3,75.0
BATF,DCP1B,0.3354471589876302,3,75.0
BATF,LCP1,0.33250005301997143,4,100.0
BATF,CMIP,0.3283912224895295,3,75.0
BATF,DUSP16,0.319811701016099,3,75.0
BATF,SAMSN1,0.289373964939624,4,100.0
BATF,SMCHD1,0.27827086177747157,3,75.0
BATF,TSHZ2,0.27735400565194684,3,75.0
BHLHE40,NFKB2,1.7811813077968095,4,100.0
BHLHE40,TGIF1,1.6275998862897558,4,100.0
BHLHE40,MAP3K8,1.5825302716723866,4,100.0
BHLHE40,LDLRAD4,1.5555330704606447,4,100.0
BHLHE40,DUSP16,1.4911718687089657,4,100.0
BHLHE40,FYN,1.4641628719029236,4,100.0
BHLHE40,ABLIM1,1.2592194109360177,3,75.0
BHLHE40,RALGAPA1,1.171867682282154,4,100.0
BHLHE40,ARID5A,1.1528336839108104,4,100.0
BHLHE40,XAB2,1.1133459377029336,3,75.0
BHLHE40,RPL13A,1.096778974434737,4,100.0
BHLHE40,PIM3,1.0481798340429318,4,100.0
BHLHE40,STAT4,0.8451482795393904,4,100.0
BHLHE40,SYAP1,0.8340393375305182,4,100.0
BHLHE40,KDM6B,0.7784442918149683,4,100.0
BHLHE40,TRAF4,0.7583102649652494,4,100.0
BHLHE40,VPS37B,0.7536201234342752,4,100.0
BHLHE40,REL,0.7365807979816896,4,100.0
BHLHE40,PPP1R15A,0.7360181352879019,3,75.0
BHLHE40,ARHGEF7,0.719541686724166,3,75.0
BHLHE40,TSC22D3,0.6953100303602562,4,100.0
BHLHE40,NAMPT,0.6899634141289119,4,100.0
BHLHE40,BIRC2,0.6889643625146249,3,75.0
BHLHE40,SMCHD1,0.6712256048060514,4,100.0
BHLHE40,MAP1LC3A,0.6662221025676365,4,100.0
BHLHE40,PTP4A1,0.6179805248925991,3,75.0
BHLHE40,CREM,0.541302066616891,4,100.0
BHLHE40,CYSTM1,0.5372983929295542,3,75.0
BHLHE40,FAM50A,0.5007843100617965,3,75.0
BHLHE40,JOSD1,0.48326233768843024,4,100.0
BHLHE40,RTN4,0.47481908929803923,3,75.0
BHLHE40,SPOCK2,0.46192746250908107,4,100.0
BHLHE40,OAT,0.43451028106524925,4,100.0
BHLHE40,DUSP2,0.42926029544041644,4,100.0
BHLHE40,ZEB2,0.4106022253093657,4,100.0
BHLHE40,JUND,0.40712853504081764,4,100.0
BHLHE40,TPM4,0.4004117263270719,4,100.0
BHLHE40,DOK2,0.3538770066136096,3,75.0
BHLHE40,ZNF331,0.28016721430752867,4,100.0
BHLHE40,LCP1,0.27219893651195165,3,75.0
BHLHE40,RPS27,0.2619003802554886,3,75.0
BHLHE40,MAF,0.2547341043292876,4,100.0
BHLHE40,JUN,0.2294133561480104,4,100.0
BHLHE40,PPP1R16B,0.21139164202259791,4,100.0
BHLHE40,NR4A2,0.20970221221543212,4,100.0
BHLHE40,IER2,0.20081565803932258,3,75.0
BHLHE40,SRSF3,0.1970079013296805,4,100.0
BHLHE40,RPS29,0.1773437382486276,4,100.0
BHLHE40,IL21R,0.16420611907361257,4,100.0
BHLHE40,CSRNP1,0.14729564752643826,4,100.0
BHLHE40,CHD2,0.14151962354150757,3,75.0
BHLHE40,RBM3,0.08324051916729323,3,75.0
CREM,SAMSN1,2.4160324926360652,4,100.0
CREM,PTP4A1,2.1506957073715958,4,100.0
CREM,RAB11FIP1,2.043150604277251,4,100.0
CREM,RGS2,1.634251181959919,4,100.0
CREM,RFTN1,1.6308822001573402,4,100.0
CREM,FAM177A1,1.6011078304022763,4,100.0
CREM,RPS29,1.5011722447686944,4,100.0
CREM,CYSTM1,1.487979461361837,4,100.0
CREM,ELL2,1.4597736501904668,4,100.0
CREM,SATB1,1.4494309362280486,4,100.0
CREM,PELI1,1.4476119927027533,4,100.0
CREM,RPS27,1.359520568657315,4,100.0
CREM,TRAF1,1.3447176646784065,3,75.0
CREM,PFKFB3,1.3429639731763607,3,75.0
CREM,PRKX,1.2909656099117823,4,100.0
CREM,EML4,1.2882082190011301,4,100.0
CREM,PDE4B,1.2780852861664667,4,100.0
CREM,FOS,1.2716359262616894,4,100.0
CREM,RNF19A,1.229422334537154,4,100.0
CREM,INSIG1,1.222247285680985,4,100.0
CREM,FOSL2,1.2097972234752754,4,100.0
CREM,STK17B,1.2012881517495657,4,100.0
CREM,NR4A2,1.1964095051994335,4,100.0
CREM,YPEL5,1.194835711212217,4,100.0
CREM,DOK2,1.1778385219990342,4,100.0
CREM,PABPC1,1.17396562571095,4,100.0
CREM,KDM6B,1.1359879561823032,4,100.0
CREM,ZNF331,1.0977240520736604,4,100.0
CREM,CDKN1A,1.0880561169615013,4,100.0
CREM,SESN3,1.0506868026191447,4,100.0
CREM,RGS1,1.0111054370568882,4,100.0
CREM,CREM,1.0,4,100.0
CREM,LYST,0.9977452877465511,4,100.0
CREM,PRNP,0.974521332009623,4,100.0
CREM,IL4R,0.9593889043558927,4,100.0
CREM,RTN4,0.9312889188381656,4,100.0
CREM,ZFP36L2,0.9271071733352955,4,100.0
CREM,LMNA,0.9131238889799008,4,100.0
CREM,CD44,0.9063883714663874,4,100.0
CREM,RALGAPA1,0.8998976432303385,4,100.0
CREM,DUSP2,0.8977391812168446,3,75.0
CREM,ARHGEF7,0.8914276290645092,4,100.0
CREM,RPL13A,0.8759354910945343,4,100.0
CREM,MARCKSL1,0.8671796510489397,3,75.0
CREM,SRRT,0.8573806019426844,4,100.0
CREM,NDRG1,0.844141366330198,4,100.0
CREM,FAM65B,0.8167825737460129,3,75.0
CREM,CDKN1B,0.7924471326980992,4,100.0
CREM,SARAF,0.7912996826942221,4,100.0
CREM,GPCPD1,0.7894969778588656,4,100.0
CREM,REL,0.7772664542343988,4,100.0
CREM,BAZ1A,0.7629085292389406,3,75.0
CREM,ZFP36,0.762234316548548,4,100.0
CREM,CCND2,0.7614781524943723,4,100.0
CREM,ATP1B3,0.7504021311796693,4,100.0
CREM,TOM1,0.7465328668637726,3,75.0
CREM,TRAF4,0.7330286049907595,4,100.0
CREM,BTG1,0.7235456644500473,4,100.0
CREM,HSPH1,0.7045157164990439,4,100.0
CREM,IRF2BP2,0.7035137470651701,4,100.0
CREM,FAM50A,0.6939500507268761,4,100.0
CREM,STAT5A,0.6891209190217403,3,75.0
CREM,LMBRD1,0.6835559971951173,3,75.0
CREM,TSC22D3,0.6794426037203265,4,100.0
CREM,TGFBR2,0.6608054886101768,3,75.0
CREM,TNFRSF1B,0.6473176970047269,4,100.0
CREM,TMEM2,0.6334709660648183,4,100.0
CREM,IER2,0.6293004848487025,4,100.0
CREM,NR3C1,0.6255950798589633,4,100.0
CREM,PITPNC1,0.6187253856566036,4,100.0
CREM,CHD2,0.6170333306715534,4,100.0
CREM,GPR183,0.6107289329465759,4,100.0
CREM,JUN,0.6100409519344272,4,100.0
CREM,FOXP1,0.6068732800569712,4,100.0
CREM,FYN,0.5926891333181593,3,75.0
CREM,ZEB2,0.5913303128743101,4,100.0
CREM,TUBA4A,0.5863748779095208,4,100.0
CREM,HSPA5,0.5854773054367516,3,75.0
CREM,PTPRC,0.5828553637593858,3,75.0
CREM,TNFAIP3,0.5821427384632188,4,100.0
CREM,GABARAPL1,0.567953093118047,4,100.0
CREM,HTATIP2,0.5675793019212706,4,100.0
CREM,CMIP,0.5670085837791494,4,100.0
CREM,CD83,0.554829624409658,4,100.0
CREM,JUNB,0.5469143908086995,4,100.0
CREM,IKZF3,0.5454971328987628,4,100.0
CREM,FAM46C,0.5332391236712928,4,100.0
CREM,TUBA1C,0.5331689093659264,3,75.0
CREM,SRSF7,0.5296359536784985,4,100.0
CREM,GK,0.5293028828453978,4,100.0
CREM,CRIP1,0.5292916430141927,3,75.0
CREM,NAMPT,0.5210614172565986,4,100.0
CREM,CCNH,0.5201612086345377,4,100.0
CREM,DUSP16,0.519064908417097,3,75.0
CREM,ADGRE5,0.4951787487368463,4,100.0
CREM,HLA-E,0.4766680557590514,4,100.0
CREM,TGIF1,0.4724317867573709,4,100.0
CREM,CST7,0.4569999203700263,4,100.0
CREM,PDE4D,0.4524720574915248,3,75.0
CREM,ARAP2,0.447362424704565,4,100.0
CREM,CSRNP1,0.44507024396164957,4,100.0
CREM,DDIT4,0.44339462264398805,4,100.0
CREM,STAT4,0.4294860020040211,4,100.0
CREM,STAT3,0.42936747804837394,4,100.0
CREM,PEA15,0.42887262440990714,4,100.0
CREM,GATA3,0.4285783912948072,3,75.0
CREM,LAMP1,0.42844059569643567,4,100.0
CREM,NINJ1,0.40807054851746905,4,100.0
CREM,FAM107B,0.40365643770746357,3,75.0
CREM,SPTAN1,0.4020571165361969,4,100.0
CREM,SMCHD1,0.3984461945660151,3,75.0
CREM,MAP1LC3A,0.3979179486079924,3,75.0
CREM,PARP8,0.3800806152672233,3,75.0
CREM,PIM3,0.37544342952259613,4,100.0
CREM,NEAT1,0.36505925194058414,3,75.0
CREM,ZC3H12A,0.3576435401484161,4,100.0
CREM,LEPROTL1,0.34127103193571773,4,100.0
CREM,TPM4,0.33457165848223536,3,75.0
CREM,ABLIM1,0.33393901336718823,3,75.0
CREM,JOSD1,0.329837297396435,4,100.0
CREM,IL21R,0.3248910677449687,3,75.0
CREM,SYAP1,0.32260316047278353,4,100.0
CREM,ARID5A,0.3223739788611696,4,100.0
CREM,GLIPR1,0.31992670857006594,3,75.0
CREM,STAT5B,0.3182702169034015,4,100.0
CREM,JUND,0.31557132469683646,4,100.0
CREM,NFKB2,0.3119814255155512,4,100.0
CREM,PPP1R15A,0.30893146501746777,3,75.0
CREM,RALA,0.2996724642971699,3,75.0
CREM,S1PR1,0.29551999367604315,3,75.0
CREM,SYTL3,0.2814102681144548,4,100.0
CREM,LITAF,0.26857678455403877,4,100.0
CREM,SAT1,0.2651246103146281,3,75.0
CREM,VPS37B,0.2587797960071697,4,100.0
CREM,MAF,0.2510397214298349,3,75.0
CREM,PIK3R1,0.24726390623117242,3,75.0
CREM,SDCBP,0.2432311622523429,3,75.0
CREM,PHLDA1,0.24086166344834073,3,75.0
CREM,SLC16A3,0.2374616177351266,3,75.0
CREM,BIRC2,0.23597922641089475,4,100.0
CREM,APMAP,0.23260664749965235,3,75.0
CREM,DUSP1,0.2279318811381579,4,100.0
CREM,DUSP4,0.22423870686935962,3,75.0
CREM,IL10RA,0.22285227454408355,3,75.0
CREM,ANXA1,0.19420162726047382,4,100.0
CREM,NCDN,0.19330283548206958,3,75.0
CREM,NFATC2,0.16109743440407537,4,100.0
CREM,USP11,0.08920912634859185,4,100.0
FOS,JUNB,3.1367141682908737,4,100.0
FOS,JUN,2.9970245541415133,4,100.0
FOS,GADD45B,2.2704719341750845,4,100.0
FOS,JUND,2.0805820685182534,4,100.0
FOS,FAM177A1,1.9361750123525865,4,100.0
FOS,FOSL2,1.9114296727928743,4,100.0
FOS,ZFP36,1.7654750832183552,4,100.0
FOS,DUSP1,1.6937749917899092,4,100.0
FOS,PPP1R15A,1.6409252554828215,4,100.0
FOS,IER2,1.515642905962546,4,100.0
FOS,STAT5A,1.512325478491751,3,75.0
FOS,NR4A2,1.496445889735718,4,100.0
FOS,PABPC1,1.3207814271216276,4,100.0
FOS,CREM,1.3094704371545494,4,100.0
FOS,RPS27,1.304243843694293,4,100.0
FOS,PIM3,1.3016499699131074,4,100.0
FOS,AQP3,1.2341393780198553,4,100.0
FOS,HSP90AA1,1.2129987035654275,3,75.0
FOS,ADGRE5,1.1682107046684203,4,100.0
FOS,PITPNC1,1.1599534676677625,4,100.0
FOS,GABARAPL1,1.1561567217592637,4,100.0
FOS,PMAIP1,1.1385825462192851,3,75.0
FOS,HSPB1,1.138541917360042,4,100.0
FOS,CDK16,1.1323976682210875,3,75.0
FOS,CHD2,1.0637534131631763,4,100.0
FOS,STAT3,1.0426763452588066,4,100.0
FOS,FAM65B,1.0402301179000495,4,100.0
FOS,EZR,1.0069447935010651,4,100.0
FOS,FOS,1.0,4,100.0
FOS,ZFP36L2,0.9913503223679001,4,100.0
FOS,CYSTM1,0.9735338406916431,3,75.0
FOS,RPS29,0.9702621265982223,4,100.0
FOS,CSRNP1,0.9563751402437868,4,100.0
FOS,REL,0.9536359893622066,4,100.0
FOS,PERP,0.9369743989306583,4,100.0
FOS,TSC22D3,0.9167899663017155,4,100.0
FOS,OASL,0.8989339079313041,4,100.0
FOS,RGS1,0.8813166223292257,4,100.0
FOS,SYTL3,0.8703401852639737,4,100.0
FOS,ATP1A1,0.8636142318779163,4,100.0
FOS,AHNAK,0.8577318870510817,3,75.0
FOS,STAT5B,0.8533819161321609,4,100.0
FOS,DNAJB1,0.8347486917780638,4,100.0
FOS,DUSP2,0.8191226596913012,4,100.0
FOS,LITAF,0.8073458557465004,4,100.0
FOS,RASAL3,0.7963648794861676,3,75.0
FOS,TOM1,0.7880123303731161,3,75.0
FOS,CDKN1B,0.775547501938863,3,75.0
FOS,RAB11FIP1,0.7415120383454182,4,100.0
FOS,JOSD1,0.7281340378070594,4,100.0
FOS,HSPH1,0.7266301905725308,4,100.0
FOS,LINC00152,0.7075093791937349,4,100.0
FOS,RTN4,0.6856336045698331,4,100.0
FOS,IRF2BP2,0.683561559107907,4,100.0
FOS,INSIG1,0.6490591124041833,3,75.0
FOS,TUBA4A,0.6415078920813031,4,100.0
FOS,SLC7A5,0.6344343075631773,4,100.0
FOS,NFKBIZ,0.6273265260585643,4,100.0
FOS,CXCR4,0.6148012461809175,3,75.0
FOS,ITM2A,0.5870118388965778,3,75.0
FOS,PIK3IP1,0.5794984666098267,4,100.0
FOS,NAMPT,0.5633233762527641,4,100.0
FOS,TNFAIP3,0.5601458992104982,4,100.0
FOS,GGA2,0.52686676786145,4,100.0
FOS,KDM6B,0.5248091969946442,4,100.0
FOS,ANXA1,0.5229101786381752,3,75.0
FOS,CCNH,0.5177505791621908,4,100.0
FOS,FOXP1,0.5143488749075666,4,100.0
FOS,AKNA,0.5063117614851207,3,75.0
FOS,NEAT1,0.4973182692053119,3,75.0
FOS,GPR183,0.4968181296685465,3,75.0
FOS,MARCKSL1,0.4940333023864854,4,100.0
FOS,ZC3H12A,0.4938040759129068,4,100.0
FOS,MAP1LC3A,0.4922275140127833,4,100.0
FOS,IL7R,0.4817680150083232,4,100.0
FOS,TIMP1,0.47885879108693524,4,100.0
FOS,RGS2,0.4750294657009008,3,75.0
FOS,BAZ1A,0.46779541396079566,3,75.0
FOS,NFATC2,0.4585407281875449,4,100.0
FOS,DUSP16,0.458351296893748,4,100.0
FOS,HSPA5,0.44057581735036794,3,75.0
FOS,SYAP1,0.44044194811245807,4,100.0
FOS,PIK3R1,0.43925889669055335,4,100.0
FOS,CDKN1A,0.42309755202838434,3,75.0
FOS,ABLIM1,0.4186300313920833,4,100.0
FOS,CST7,0.4088775724985996,3,75.0
FOS,TRAF1,0.4021679891308922,3,75.0
FOS,YPEL5,0.35804233244021133,4,100.0
FOS,FTH1,0.3508401660503233,4,100.0
FOS,RNF19A,0.3501056564927076,3,75.0
FOS,SRSF7,0.34148261174261724,4,100.0
FOS,ELL2,0.338097807256915,3,75.0
FOS,RFTN1,0.3374503388363766,4,100.0
FOS,PTP4A1,0.32997093255470633,4,100.0
FOS,IL16,0.32970741740211484,4,100.0
FOS,BHLHE40,0.3243209419198791,3,75.0
FOS,ZNF331,0.32155009043749705,4,100.0
FOS,VPS37B,0.31950291973332573,3,75.0
FOS,FAM50A,0.3087420487474035,4,100.0
FOS,GPCPD1,0.30557411975675963,3,75.0
FOS,BTG1,0.30548247135101947,4,100.0
FOS,COTL1,0.2953607369439949,3,75.0
FOS,USP11,0.2936154564814714,3,75.0
FOS,ZEB2,0.2870438442948919,4,100.0
FOS,CMIP,0.2796265813299454,3,75.0
FOS,FYN,0.2789425903081528,4,100.0
FOS,LMBRD1,0.2737037371402578,3,75.0
FOS,HMGA1,0.26844048801300563,4,100.0
FOS,SAT1,0.2666138948482855,4,100.0
FOS,ATP1B3,0.2665336754700816,3,75.0
FOS,CD44,0.2651943664240856,4,100.0
FOS,DDIT4,0.2611945488611914,4,100.0
FOS,DUSP4,0.2599042945069017,3,75.0
FOS,RALGAPA1,0.2573845681864658,3,75.0
FOS,SLC39A8,0.25587443777952273,3,75.0
FOS,TUBA1C,0.24646144869407774,3,75.0
FOS,SAMSN1,0.2287515844100335,3,75.0
FOS,MAP3K8,0.22067596919257004,3,75.0
FOS,LMNA,0.20752479083954864,4,100.0
FOS,ASAH1,0.20711857831245817,3,75.0
FOS,UBA1,0.20235669818451665,3,75.0
FOS,TMEM2,0.20213321265694337,4,100.0
FOS,CXCR3,0.19785208039201588,4,100.0
FOS,RALA,0.18889345323547363,4,100.0
FOS,IL10RA,0.17923817859713684,3,75.0
FOS,NFKB2,0.16294945433271707,4,100.0
FOS,TNFRSF1B,0.1593252655802197,3,75.0
FOS,CCND2,0.11636056645821087,3,75.0
FOS,PDE4B,0.09345773444543591,3,75.0
FOS,SARAF,0.08826470355239775,4,100.0
FOS,FTL,0.05736653349508545,4,100.0
FOS,BTG2,0.04834587813887847,4,100.0
FOS,PTGER4,0.04783987001497708,4,100.0
FOSL2,DOK2,2.263796082871713,4,100.0
FOSL2,BTG1,1.939140677198245,4,100.0
FOSL2,IRF2BP2,1.737621825771341,4,100.0
FOSL2,LITAF,1.729134953404773,4,100.0
FOSL2,TUBA4A,1.7073532722953972,4,100.0
FOSL2,ATP1B3,1.7001219321640626,4,100.0
FOSL2,PDE4B,1.5826942712297356,4,100.0
FOSL2,SLC16A3,1.5600596887500875,4,100.0
FOSL2,FAM177A1,1.541743735233323,4,100.0
FOSL2,RGS2,1.539370716392566,4,100.0
FOSL2,FOXP1,1.4614553277357238,4,100.0
FOSL2,ARHGEF7,1.3779549940558216,4,100.0
FOSL2,REL,1.351641280490098,4,100.0
FOSL2,MAP3K8,1.3503074711102458,4,100.0
FOSL2,CREM,1.308970483456503,4,100.0
FOSL2,CCND2,1.2616030311460753,4,100.0
FOSL2,CHMP1B,1.2541652695756802,4,100.0
FOSL2,RALA,1.1975608159008333,4,100.0
FOSL2,CAPG,1.1907729920157366,4,100.0
FOSL2,DUSP2,1.1868218208216204,4,100.0
FOSL2,PRNP,1.151200773553944,4,100.0
FOSL2,PEA15,1.1329338200288288,4,100.0
FOSL2,CSRP1,1.1325437158933611,3,75.0
FOSL2,ZFP36L2,1.1055332365042168,4,100.0
FOSL2,FOS,1.0876778541609522,4,100.0
FOSL2,RPS27,1.0742065427152772,4,100.0
FOSL2,EZR,1.0371117835947683,4,100.0
FOSL2,DDIT4,1.0264401550347642,4,100.0
FOSL2,ZC3H12A,1.0221818028164404,4,100.0
FOSL2,NEAT1,1.0218257271469988,4,100.0
FOSL2,FAM65B,1.0153131351131905,3,75.0
FOSL2,FOSL2,1.0,4,100.0
FOSL2,MGST3,0.983414898991928,4,100.0
FOSL2,SARAF,0.9613581796744687,3,75.0
FOSL2,RPS29,0.9365905752176973,3,75.0
FOSL2,IL16,0.9287000145937075,4,100.0
FOSL2,ABLIM1,0.9129511891014274,4,100.0
FOSL2,CD74,0.8984146531504942,4,100.0
FOSL2,PIM3,0.8971195901296604,4,100.0
FOSL2,VPS37B,0.8747074310568085,4,100.0
FOSL2,GADD45B,0.8696058019081666,4,100.0
FOSL2,GABARAPL1,0.8465826352416743,4,100.0
FOSL2,ATP1A1,0.8416238152412234,4,100.0
FOSL2,PPP1R15A,0.8269281587555556,4,100.0
FOSL2,TOM1,0.8031575524583744,4,100.0
FOSL2,TGIF1,0.7801503346230316,4,100.0
FOSL2,ZFP36,0.7713191424631144,4,100.0
FOSL2,CD44,0.7628473530315099,4,100.0
FOSL2,SYAP1,0.7355448126193735,4,100.0
FOSL2,ANXA1,0.729535930100673,4,100.0
FOSL2,PERP,0.7249378281020181,3,75.0
FOSL2,NR4A2,0.7032198853720653,4,100.0
FOSL2,USP11,0.6981214763578051,3,75.0
FOSL2,TNFAIP3,0.6893004817701764,4,100.0
FOSL2,IER2,0.6874180798945609,4,100.0
FOSL2,EIF4A1,0.6809074608079646,3,75.0
FOSL2,ADGRE5,0.6767501297644194,4,100.0
FOSL2,SLC39A8,0.6618863317473451,3,75.0
FOSL2,SYTL3,0.66048257269181,4,100.0
FOSL2,HSPH1,0.6595422862587539,4,100.0
FOSL2,JUNB,0.6458540168535276,4,100.0
FOSL2,BHLHE40,0.63945929615689,4,100.0
FOSL2,ARAP2,0.6394505472686782,4,100.0
FOSL2,TSC22D3,0.6342342687091654,4,100.0
FOSL2,DNAJB1,0.6214269387121804,4,100.0
FOSL2,INSIG1,0.616927057102059,3,75.0
FOSL2,COTL1,0.6162886091350537,4,100.0
FOSL2,FAM50A,0.6079463658073614,4,100.0
FOSL2,NFKBIZ,0.5878965510841359,4,100.0
FOSL2,ZEB2,0.578246717661141,4,100.0
FOSL2,RGS1,0.5775624614124406,4,100.0
FOSL2,PFKFB3,0.5668587228556238,4,100.0
FOSL2,PIK3R1,0.5640322430985445,4,100.0
FOSL2,ARID5A,0.5332904258593394,4,100.0
FOSL2,PSAP,0.5268052116417836,4,100.0
FOSL2,NAMPT,0.5202757638667819,4,100.0
FOSL2,ZNF331,0.5130662331143685,4,100.0
FOSL2,STK17B,0.5114246079801527,4,100.0
FOSL2,CCNH,0.5089957368192106,4,100.0
FOSL2,PTP4A1,0.5087653227372715,4,100.0
FOSL2,ELL2,0.5079939025006688,4,100.0
FOSL2,DUSP16,0.5015910279440615,3,75.0
FOSL2,KDM6B,0.5009088343476666,4,100.0
FOSL2,IL7R,0.4979391205908475,3,75.0
FOSL2,EMP3,0.47785473556757835,4,100.0
FOSL2,FYN,0.47570454159425807,4,100.0
FOSL2,FTH1,0.47545875762575357,3,75.0
FOSL2,PDE4DIP,0.4629205201650624,3,75.0
FOSL2,IL10RA,0.451319972716414,4,100.0
FOSL2,CDKN1A,0.45098357155750524,4,100.0
FOSL2,SLC7A5,0.44487191635335893,4,100.0
FOSL2,FAM46C,0.4438626824563048,4,100.0
FOSL2,STAT3,0.44285030009835136,4,100.0
FOSL2,PABPC1,0.435496384318691,4,100.0
FOSL2,VIM,0.4279639465586078,3,75.0
FOSL2,NDRG1,0.42547995917458686,4,100.0
FOSL2,JUN,0.4238590158352796,4,100.0
FOSL2,PMAIP1,0.41421246227578296,3,75.0
FOSL2,GPR183,0.4135989279067488,4,100.0
FOSL2,MAP1LC3A,0.4129772309434434,4,100.0
FOSL2,GPCPD1,0.41185418493180337,3,75.0
FOSL2,CSRNP1,0.40862426403489194,4,100.0
FOSL2,JOSD1,0.40496207663594713,4,100.0
FOSL2,TGFBR2,0.40011311121552073,4,100.0
FOSL2,CHD2,0.396023110186303,4,100.0
FOSL2,JUND,0.3937346192524692,4,100.0
FOSL2,YPEL5,0.3921161202577491,4,100.0
FOSL2,RNF19A,0.3877155574434504,3,75.0
FOSL2,TRAF1,0.3861960325122013,3,75.0
FOSL2,RTN4,0.3845669784342229,3,75.0
FOSL2,HSP90AA1,0.3838405204453193,3,75.0
FOSL2,LIMS1,0.37916628429506066,3,75.0
FOSL2,PRDM1,0.37651534965220607,3,75.0
FOSL2,TRAF4,0.34222607533399324,4,100.0
FOSL2,HSPA5,0.34216871413093625,4,100.0
FOSL2,FTL,0.338971297045208,4,100.0
FOSL2,TIMP1,0.334742039218773,4,100.0
FOSL2,PBXIP1,0.3325599579592046,3,75.0
FOSL2,SESN3,0.32947430131576844,4,100.0
FOSL2,CMIP,0.3178622888505174,3,75.0
FOSL2,TPM4,0.31621414816575605,3,75.0
FOSL2,PPP1R16B,0.3160698896873808,4,100.0
FOSL2,SAMSN1,0.3133231337586572,4,100.0
FOSL2,NFATC2,0.3096748545200495,4,100.0
FOSL2,AKNA,0.3064685372706106,4,100.0
FOSL2,MVP,0.2907225316826867,4,100.0
FOSL2,CDKN1B,0.29055658732333567,4,100.0
FOSL2,NR3C1,0.28751481057782735,3,75.0
FOSL2,CDC42EP3,0.28733989193153414,3,75.0
FOSL2,SAT1,0.2670897818058097,3,75.0
FOSL2,TNFRSF1B,0.2650288941517468,4,100.0
FOSL2,GLIPR1,0.25447289994683403,3,75.0
FOSL2,TMEM2,0.24859481192707797,4,100.0
FOSL2,DUSP4,0.23113276291440502,3,75.0
FOSL2,CST7,0.2196415508353471,4,100.0
FOSL2,TNFAIP8,0.20720167717250648,3,75.0
FOSL2,AHNAK,0.20409725823906763,3,75.0
FOSL2,SRSF7,0.20367922188069434,3,75.0
FOSL2,LMNA,0.1883347766129143,4,100.0
FOSL2,CYSTM1,0.18155718275110386,3,75.0
FOSL2,SDCBP,0.17943867844757774,3,75.0
FOSL2,AUTS2,0.17643743449406965,3,75.0
FOSL2,SOD2,0.17109009000778924,4,100.0
FOSL2,RALGAPA1,0.17047428391841388,4,100.0
FOSL2,UPP1,0.15743958305735753,3,75.0
FOSL2,NINJ1,0.1435685493541348,3,75.0
FOSL2,LYST,0.13046477152374256,4,100.0
FOSL2,DUSP1,0.12594166382716507,4,100.0
FOSL2,HSPB1,0.12388669829168344,4,100.0
FOSL2,RFTN1,0.1225413372638255,3,75.0
FOSL2,ITM2C,0.1204687305571363,3,75.0
FOSL2,LINC00152,0.09538658478748417,3,75.0
FOSL2,SMCHD1,0.09078468935057578,4,100.0
FOSL2,PTPRC,0.0769432645136168,4,100.0
FOSL2,IKZF3,0.07277413647636913,4,100.0
FOSL2,BIRC2,0.04059208569009649,4,100.0
FOSL2,ASAH1,0.03551131761761695,4,100.0
FOXP1,FOSL2,1.987714604572314,4,100.0
FOXP1,CHD2,1.8178025938736102,3,75.0
FOXP1,GADD45A,1.6691622729245148,4,100.0
FOXP1,FOXP1,1.0,4,100.0
FOXP1,TGIF1,0.9358858665566064,4,100.0
FOXP1,BTG1,0.8927338902455835,4,100.0
FOXP1,JUNB,0.8640082170411668,4,100.0
FOXP1,ABLIM1,0.8327857065770577,4,100.0
FOXP1,SLC16A3,0.8222398788883709,4,100.0
FOXP1,PDE4B,0.7697580823060859,4,100.0
FOXP1,SATB1,0.7590897087513993,4,100.0
FOXP1,BCL2L11,0.7513390158420985,4,100.0
FOXP1,NR3C1,0.7096644693967753,4,100.0
FOXP1,CDKN1B,0.6555574288596436,4,100.0
FOXP1,SPOCK2,0.6512410485568844,4,100.0
FOXP1,PRDM1,0.6371980690696147,3,75.0
FOXP1,EZR,0.6278337921936319,4,100.0
FOXP1,FOS,0.595329708051003,4,100.0
FOXP1,ZFP36L2,0.5887001758199216,4,100.0
FOXP1,PIK3IP1,0.5720525261235687,4,100.0
FOXP1,PRNP,0.4496216487993367,3,75.0
FOXP1,PBXIP1,0.4484825031313738,4,100.0
FOXP1,TSC22D3,0.37938961322544007,4,100.0
FOXP1,CD5,0.3668559273808414,4,100.0
FOXP1,TSHZ2,0.3612991197273811,3,75.0
FOXP1,PEA15,0.35462674740073613,3,75.0
FOXP1,NR4A2,0.3246310698859881,3,75.0
FOXP1,PTP4A1,0.32352209626939,3,75.0
FOXP1,CD55,0.3001646341805551,4,100.0
FOXP1,CD7,0.2895291085701236,4,100.0
FOXP1,DOK2,0.27613018875014267,3,75.0
FOXP1,SQSTM1,0.23487674368589442,4,100.0
FOXP1,ZFP36,0.22659323027966546,3,75.0
FOXP1,S1PR1,0.20225543127892842,3,75.0
FOXP1,NFATC2,0.19183104243414628,4,100.0
FOXP1,TXNIP,0.18320906743999443,4,100.0
GATA3,CMIP,1.1812411069370223,3,75.0
HMGA1,SNRPD1,1.2821615243304476,3,75.0
HMGA1,HMGA1,1.0,3,75.0
HMGA1,CCND2,0.9961516230803666,3,75.0
HMGA1,TUBA1C,0.8986273001581608,3,75.0
HMGA1,MARCKSL1,0.8980125520594847,3,75.0
HMGA1,TUBB,0.8642370823707184,3,75.0
HMGA1,ACTG1,0.8012954459348794,3,75.0
HMGA1,HMGB1,0.5040349467419523,3,75.0
HMGA1,YWHAH,0.24581491153856885,3,75.0
HMGB1,HMGN2,3.5160226605732925,4,100.0
HMGB1,RANBP1,3.172438667652965,4,100.0
HMGB1,ANP32B,3.129371429800881,4,100.0
HMGB1,HMGA1,2.6029771465842906,4,100.0
HMGB1,ACTB,2.2574889114044994,4,100.0
HMGB1,CDC25B,1.705773966241474,4,100.0
HMGB1,ACTG1,1.648316368149725,3,75.0
HMGB1,YWHAH,1.5588392751105213,4,100.0
HMGB1,LMNB1,1.5326880664284985,4,100.0
HMGB1,FABP5,1.4162107547401694,4,100.0
HMGB1,GATA3,1.3526942718056947,4,100.0
HMGB1,HMGB1,1.0,4,100.0
HMGB1,TNFRSF25,0.9357658779353466,3,75.0
HMGB1,FAM107B,0.716094396570794,4,100.0
HMGB1,SPTBN1,0.6483170750763702,3,75.0
HMGB1,VIM,0.6395183951431563,3,75.0
HMGB1,SPTAN1,0.5234996891919691,3,75.0
HMGB1,FYN,0.5137248295081335,3,75.0
HMGB1,ZEB2,0.4053300763314333,3,75.0
HMGB1,DUSP4,0.28663653176030707,4,100.0
HMGB1,PDE4D,0.27519026969431426,3,75.0
HMGB2,LMNB1,3.1585462182553243,4,100.0
HMGB2,CDC25B,3.0628416096679993,4,100.0
HMGB2,HMGN2,2.856868455508358,4,100.0
HMGB2,ANP32B,2.693306293955703,4,100.0
HMGB2,HMGB1,2.3343803191721486,4,100.0
HMGB2,ACTB,2.0801247739137834,4,100.0
HMGB2,ACTG1,1.837187165047516,4,100.0
HMGB2,SPTBN1,1.232323190137494,4,100.0
HMGB2,YWHAH,1.1660228954870824,4,100.0
HMGB2,RANBP1,1.0522264229214306,4,100.0
HMGB2,FABP5,0.9098117309371849,4,100.0
HMGB2,VIM,0.8973230383931327,3,75.0
HMGB2,DUSP4,0.6856151615852686,4,100.0
HMGB2,SLC16A3,0.6717558877362554,3,75.0
HMGB2,FAM107B,0.5670802081843793,4,100.0
HMGB2,GATA3,0.5628768931140624,4,100.0
HMGB2,SPTAN1,0.47944530437499594,4,100.0
HMGB2,MAF,0.4445616771674839,3,75.0
HMGB2,HMGA1,0.4053868518171811,4,100.0
HMGB2,PDE4D,0.1463339369938111,4,100.0
IKZF3,TMEM2,1.2550866892914057,3,75.0
IKZF3,NFATC2,1.0382527512205062,3,75.0
IKZF3,IKZF3,1.0,3,75.0
IRF7,ISG15,3.277142842568582,4,100.0
IRF7,NR3C1,2.066272504846717,4,100.0
IRF7,AKNA,1.7662794926691756,4,100.0
IRF7,MVP,1.7503721778935888,4,100.0
IRF7,MAP3K8,1.742792499845842,4,100.0
IRF7,RFTN1,1.7302768862120186,4,100.0
IRF7,IFI6,1.6837927788857399,4,100.0
IRF7,LAG3,1.6030250455329529,3,75.0
IRF7,SETD2,1.5966019917204308,4,100.0
IRF7,TMEM2,1.5678226708560588,4,100.0
IRF7,PDE4B,1.3812245733182091,4,100.0
IRF7,NFATC2,1.3640842743149262,4,100.0
IRF7,GIMAP4,1.290610003986266,3,75.0
IRF7,CTSS,1.2901142334728142,3,75.0
IRF7,RHBDF2,1.2378016218530605,3,75.0
IRF7,FYN,1.1659583909867832,4,100.0
IRF7,CD8A,1.15810074715186,4,100.0
IRF7,PIK3R1,1.119247105449519,4,100.0
IRF7,STAT4,1.111181623203137,3,75.0
IRF7,IRF7,1.0,4,100.0
IRF7,SYPL1,0.998418174982028,4,100.0
IRF7,SATB1,0.9967972129209245,3,75.0
IRF7,ARID5A,0.9956330317462742,3,75.0
IRF7,AUTS2,0.9903628868026604,4,100.0
IRF7,SLC39A8,0.9416659048789899,3,75.0
IRF7,FAM65B,0.8216831742999737,4,100.0
IRF7,LYST,0.8202964863474287,4,100.0
IRF7,CMIP,0.7901791214582006,4,100.0
IRF7,GADD45B,0.7715618572991815,4,100.0
IRF7,CD53,0.719137092601482,4,100.0
IRF7,ALOX5AP,0.7139162837416055,4,100.0
IRF7,CYSTM1,0.7134037866039105,4,100.0
IRF7,SEMA4D,0.6858097609410427,4,100.0
IRF7,HSPH1,0.6711112858562561,3,75.0
IRF7,HTATIP2,0.6530145968185045,3,75.0
IRF7,FOXP1,0.6518898508861356,3,75.0
IRF7,CHMP1B,0.6214666437033075,3,75.0
IRF7,RTN4,0.6202352113808004,3,75.0
IRF7,SAT1,0.6182668172830927,4,100.0
IRF7,EML4,0.5918711378589072,4,100.0
IRF7,SESN3,0.582636777139808,3,75.0
IRF7,JUND,0.565025222942074,4,100.0
IRF7,NAMPT,0.5644240116708723,4,100.0
IRF7,TXNIP,0.548353310324766,4,100.0
IRF7,AHNAK,0.5095721944907768,4,100.0
IRF7,PTMS,0.5021872079058598,3,75.0
IRF7,IL16,0.46246695547113936,4,100.0
IRF7,CARD16,0.4579503417899009,3,75.0
IRF7,CCL5,0.3449678045714318,4,100.0
IRF7,SRGN,0.3326503708897616,4,100.0
IRF7,ARAP2,0.32157546296384826,3,75.0
IRF7,PTGER4,0.3213272715755066,4,100.0
IRF7,BTG1,0.31374907936378515,4,100.0
IRF7,CDKN1A,0.30919428178428926,4,100.0
IRF7,PTPRC,0.30912208309570743,4,100.0
IRF7,HLA-A,0.30441301931025616,3,75.0
IRF7,ATP1A1,0.30380139916491034,4,100.0
IRF7,PEA15,0.30104528254296997,3,75.0
IRF7,TSHZ2,0.2974628872106259,3,75.0
IRF7,CPNE3,0.29154684495382255,3,75.0
IRF7,FOSL2,0.28568133112244853,4,100.0
IRF7,ITM2C,0.28109611176766,3,75.0
IRF7,PARP8,0.2744350657170534,3,75.0
IRF7,STAT3,0.26540275575438294,3,75.0
IRF7,HLA-B,0.2626596912775164,3,75.0
IRF7,RNF19A,0.2564382399925596,4,100.0
IRF7,PABPC1,0.22005823024168758,3,75.0
IRF7,FOS,0.21591350081735924,3,75.0
IRF7,PITPNC1,0.19489427317501912,4,100.0
IRF7,CXCR4,0.19288044354492406,4,100.0
IRF7,IER2,0.1584570888519253,4,100.0
IRF7,ZEB2,0.15201587641958755,4,100.0
IRF7,BAZ1A,0.1259218723754476,3,75.0
IRF7,ANXA1,0.1237651825639549,3,75.0
IRF7,TAGAP,0.12239462897769837,3,75.0
IRF7,JUNB,0.0998616020779995,3,75.0
IRF7,FAM46C,0.08799466048465668,4,100.0
IRF7,CSRNP1,0.07482634191920311,3,75.0
JUN,JUNB,2.5111661787652046,4,100.0
JUN,JUND,2.1710880476083965,4,100.0
JUN,STAT3,1.7757509404561307,4,100.0
JUN,FOS,1.6818975123050666,4,100.0
JUN,GADD45B,1.5274570604495485,4,100.0
JUN,EZR,1.5038534265637182,4,100.0
JUN,NR4A2,1.4831359533213697,4,100.0
JUN,REL,1.4684274926851029,4,100.0
JUN,ZNF331,1.2511251774899268,4,100.0
JUN,NFATC2,1.0924077491226232,4,100.0
JUN,ZFP36L2,1.048456545845683,4,100.0
JUN,ZFP36,1.0401812857430115,4,100.0
JUN,JUN,1.0,4,100.0
JUN,GABARAPL1,0.9366577811356895,4,100.0
JUN,NFKB2,0.8830492504254294,3,75.0
JUN,CCNH,0.8249483030515852,4,100.0
JUN,FOSL2,0.8233216606395304,4,100.0
JUN,PRNP,0.7655994656546734,3,75.0
JUN,ANXA1,0.758811431747468,4,100.0
JUN,ID2,0.7377350661753466,4,100.0
JUN,TRAF4,0.6980650064977933,4,100.0
JUN,PITPNC1,0.6600361475622379,4,100.0
JUN,ATP1A1,0.6494478314845673,4,100.0
JUN,JOSD1,0.6304079376959892,4,100.0
JUN,PIK3R1,0.6047989688383001,4,100.0
JUN,CHD2,0.6026022256538357,4,100.0
JUN,PTGER4,0.595062878019606,4,100.0
JUN,RPS27,0.5761842680073936,4,100.0
JUN,MARCKSL1,0.5742486059657617,4,100.0
JUN,PIK3IP1,0.569211327496002,3,75.0
JUN,NFKBIZ,0.5639936094633888,4,100.0
JUN,HSPH1,0.5527943272913639,4,100.0
JUN,TNFAIP3,0.5307907105134502,4,100.0
JUN,DUSP1,0.5283366172908394,4,100.0
JUN,PABPC1,0.5240972404324579,4,100.0
JUN,TUBA4A,0.5096954561751492,3,75.0
JUN,CREM,0.505272488942914,4,100.0
JUN,RFTN1,0.5018485125259774,4,100.0
JUN,HSPA5,0.4952385420643593,4,100.0
JUN,PIM3,0.493658088058615,4,100.0
JUN,PPP1R15A,0.4901453401177879,4,100.0
JUN,ZC3H12A,0.47038497659616846,3,75.0
JUN,LITAF,0.47011922428764297,4,100.0
JUN,PTP4A1,0.4699797696934955,4,100.0
JUN,SNX9,0.4654698050473069,3,75.0
JUN,SLC16A3,0.46006489946091894,3,75.0
JUN,FTH1,0.45807965372410775,4,100.0
JUN,ARID5A,0.453300365308658,4,100.0
JUN,IER2,0.449097934230254,4,100.0
JUN,ASAH1,0.44893316410990664,4,100.0
JUN,HMGA1,0.4444125116539379,4,100.0
JUN,GPR183,0.4432815132489883,4,100.0
JUN,RGS1,0.440883221653759,4,100.0
JUN,RPL13A,0.44023565337205695,4,100.0
JUN,SRSF7,0.43356032596573385,4,100.0
JUN,PRDM1,0.42977419719500176,3,75.0
JUN,MVP,0.4290712868398355,3,75.0
JUN,DOK2,0.42723317772365976,3,75.0
JUN,RPS29,0.42364361385703214,4,100.0
JUN,SYTL3,0.42192931953376456,4,100.0
JUN,CSRNP1,0.41492091043314605,4,100.0
JUN,ACP5,0.4010284640432999,3,75.0
JUN,FAM177A1,0.40035201109236673,4,100.0
JUN,GLIPR1,0.39675282358238523,4,100.0
JUN,YPEL5,0.39669632858874204,4,100.0
JUN,MGST3,0.39648874234247816,4,100.0
JUN,HSP90AA1,0.3949483772945476,3,75.0
JUN,STAT4,0.3944825074697311,3,75.0
JUN,RALGAPA1,0.386272020243588,4,100.0
JUN,BTG2,0.38624648531766326,4,100.0
JUN,CD48,0.3842616556976477,4,100.0
JUN,SATB1,0.38272989872529123,4,100.0
JUN,ARAP2,0.3754043697918692,3,75.0
JUN,BTG1,0.36362050479497743,4,100.0
JUN,SARAF,0.35992033509538873,4,100.0
JUN,DDIT4,0.34231975942103465,4,100.0
JUN,DNAJB1,0.34032271615558785,4,100.0
JUN,FAM65B,0.3389845864122211,4,100.0
JUN,IRF2BP2,0.33856525188181924,4,100.0
JUN,RAB11FIP1,0.3336084949185532,3,75.0
JUN,ATP1B3,0.33227972138669787,4,100.0
JUN,AQP3,0.33087581291607465,3,75.0
JUN,VPS37B,0.3083414424543728,3,75.0
JUN,RGS2,0.30496064669049344,3,75.0
JUN,HSPB1,0.30311268862598695,4,100.0
JUN,DUSP2,0.2996106340599029,4,100.0
JUN,OAT,0.29770879121928406,4,100.0
JUN,APMAP,0.29686907407863583,4,100.0
JUN,CMIP,0.2951480738354626,3,75.0
JUN,PPP1R16B,0.29457335790029393,4,100.0
JUN,CYSTM1,0.29198548983848843,4,100.0
JUN,CBLB,0.2877775797672293,4,100.0
JUN,UBA1,0.27960824106982557,3,75.0
JUN,CD44,0.26750796399999893,4,100.0
JUN,RTN4,0.26711239513287804,3,75.0
JUN,PMAIP1,0.26069355210927747,3,75.0
JUN,ADGRE5,0.259804490782894,4,100.0
JUN,SAT1,0.25725042748685917,4,100.0
JUN,PEA15,0.2571573434601716,4,100.0
JUN,STAT5B,0.25367610517729966,3,75.0
JUN,ELL2,0.24704829519434282,3,75.0
JUN,PDE4B,0.24483250304259496,3,75.0
JUN,GZMB,0.2420025602662801,3,75.0
JUN,NEAT1,0.2384131387828745,4,100.0
JUN,ABLIM1,0.23683158540369878,3,75.0
JUN,KDM6B,0.23546380637299505,4,100.0
JUN,CDKN1A,0.23207049243745578,3,75.0
JUN,SEMA4D,0.23111068467633156,3,75.0
JUN,SMCHD1,0.2255212853528218,4,100.0
JUN,ZEB2,0.22527303797557321,4,100.0
JUN,BHLHE40,0.22084935231305544,4,100.0
JUN,LMBRD1,0.22020803942595116,3,75.0
JUN,PRF1,0.20886509008840237,3,75.0
JUN,HSPA1A,0.20641260076853404,3,75.0
JUN,ARHGEF7,0.2042749397575158,3,75.0
JUN,CD53,0.20028912797967724,4,100.0
JUN,DUSP16,0.19521812620292087,3,75.0
JUN,SQSTM1,0.19109832214510916,3,75.0
JUN,CDC42EP3,0.19080057371852333,3,75.0
JUN,CCND2,0.19078971094013833,4,100.0
JUN,CST7,0.17574021069935422,3,75.0
JUN,PERP,0.1720920511973629,3,75.0
JUN,HLA-DRA,0.16398408778487125,3,75.0
JUN,TSC22D3,0.1508398461837917,3,75.0
JUN,CD74,0.14671345338264807,3,75.0
JUN,MAP3K8,0.14670656040870184,4,100.0
JUN,IL7R,0.14172350519747418,4,100.0
JUN,TIMP1,0.13752361337457666,4,100.0
JUN,TNFRSF1B,0.13360158632948463,3,75.0
JUN,RNF19A,0.12737010923332057,3,75.0
JUN,NR3C1,0.1123755337689744,3,75.0
JUN,BIRC2,0.1103426571791072,3,75.0
JUN,TGFBR2,0.09374977481170939,3,75.0
JUN,RALA,0.07609532935186229,3,75.0
JUN,SYAP1,0.0739566067155392,3,75.0
JUN,ITM2C,0.06532812474997363,3,75.0
JUN,TRAF1,0.04724792680071483,3,75.0
JUNB,CSRNP1,4.264295684140493,4,100.0
JUNB,ZFP36,4.128408097803366,4,100.0
JUNB,REL,3.901718182549408,4,100.0
JUNB,IER2,3.7847765982683175,4,100.0
JUNB,TNFAIP3,3.7074501946972043,4,100.0
JUNB,EZR,3.5192802731294344,4,100.0
JUNB,RPS29,3.333249055102433,4,100.0
JUNB,ZFP36L2,3.254548893549986,4,100.0
JUNB,FOS,3.164308492731196,4,100.0
JUNB,DUSP2,2.96036733789922,4,100.0
JUNB,CHD2,2.8101521389286543,4,100.0
JUNB,LINC00152,2.7687637458636414,4,100.0
JUNB,GADD45B,2.7540701552722444,4,100.0
JUNB,JUN,2.682942687522411,4,100.0
JUNB,RPS27,2.527026187276436,4,100.0
JUNB,FAM177A1,2.4644635299531616,4,100.0
JUNB,TUBA4A,2.2430665719940652,4,100.0
JUNB,GGA2,2.20362447879008,4,100.0
JUNB,RNF19A,2.1353186387819645,4,100.0
JUNB,PTGER4,2.0874214302132605,4,100.0
JUNB,TSC22D3,2.08318214694007,4,100.0
JUNB,PABPC1,2.060653423027121,4,100.0
JUNB,PIK3R1,2.033780723640213,4,100.0
JUNB,SMCHD1,1.9691326594648744,4,100.0
JUNB,DDIT4,1.9408050414215843,4,100.0
JUNB,BTG1,1.926027702401807,4,100.0
JUNB,JOSD1,1.8467026229519017,4,100.0
JUNB,ZC3H12A,1.8443928892660355,4,100.0
JUNB,GABARAPL1,1.657821343156214,4,100.0
JUNB,CCNH,1.6467974558734892,4,100.0
JUNB,ADGRE5,1.6296492876537607,4,100.0
JUNB,ZEB2,1.6209647355911205,3,75.0
JUNB,NR4A2,1.6095642435408908,4,100.0
JUNB,PTP4A1,1.5654420969003655,4,100.0
JUNB,ATP1A1,1.546479952099837,4,100.0
JUNB,SH2D1A,1.421457805686448,4,100.0
JUNB,ELL2,1.40007232787104,4,100.0
JUNB,RGS1,1.3939216545491575,3,75.0
JUNB,DUSP1,1.393265714313953,4,100.0
JUNB,PPP1R15A,1.375991236960551,4,100.0
JUNB,IRF2BP2,1.3605832612865219,4,100.0
JUNB,CDC42EP3,1.3305156847014088,3,75.0
JUNB,CYSTM1,1.2972480759244773,4,100.0
JUNB,VPS37B,1.2154089604894094,4,100.0
JUNB,STAT3,1.1959074350684376,4,100.0
JUNB,DNAJB1,1.1706498381988706,4,100.0
JUNB,STAT5B,1.1696795813902883,4,100.0
JUNB,PMAIP1,1.1636481263841112,4,100.0
JUNB,ARAP2,1.1556047115516013,4,100.0
JUNB,PIM3,1.147881317695297,4,100.0
JUNB,PRF1,1.1418204453270064,4,100.0
JUNB,RFTN1,1.1147082272720479,4,100.0
JUNB,BIRC2,1.071168987891808,4,100.0
JUNB,LITAF,1.0622477874207006,4,100.0
JUNB,RAB11FIP1,1.049377622149947,4,100.0
JUNB,MGST3,1.0292893820923834,4,100.0
JUNB,TGFBR2,1.0146985199784526,4,100.0
JUNB,IL7R,1.0088188631965993,4,100.0
JUNB,EIF4A1,1.0030197103344514,4,100.0
JUNB,SRSF7,1.0001698207449357,3,75.0
JUNB,JUNB,1.0,4,100.0
JUNB,JUND,0.9807314055564457,4,100.0
JUNB,ZNF331,0.9771788785427202,4,100.0
JUNB,TOM1,0.9763246243251098,4,100.0
JUNB,KDM6B,0.9637539352960262,4,100.0
JUNB,SAT1,0.9385128011541584,4,100.0
JUNB,NFKB2,0.9262557244539521,4,100.0
JUNB,SYAP1,0.9257185099021656,4,100.0
JUNB,CDKN1B,0.9152214691371986,3,75.0
JUNB,CD44,0.9065002566850258,4,100.0
JUNB,FOSL2,0.9009741722856965,4,100.0
JUNB,HSPA5,0.8963729150323609,3,75.0
JUNB,MAP1LC3A,0.8804623091115236,4,100.0
JUNB,TIMP1,0.8787025242142352,4,100.0
JUNB,OASL,0.8766838325482359,3,75.0
JUNB,SLC39A8,0.8664674010367315,4,100.0
JUNB,PEA15,0.8480950662245651,4,100.0
JUNB,NFKBIZ,0.8390420138202607,3,75.0
JUNB,NINJ1,0.8055318075104312,4,100.0
JUNB,PPP1R16B,0.7946354487832163,3,75.0
JUNB,ASAH1,0.7703847282470929,4,100.0
JUNB,ANXA1,0.7585292959997381,4,100.0
JUNB,GPCPD1,0.7503550363358942,4,100.0
JUNB,NEAT1,0.7341509314400502,3,75.0
JUNB,DOK2,0.7200374630965578,4,100.0
JUNB,CXCR3,0.7119501695834932,4,100.0
JUNB,LMBRD1,0.7109962316613927,4,100.0
JUNB,MAP3K8,0.6908320193755169,4,100.0
JUNB,USP11,0.6899886601467137,4,100.0
JUNB,YPEL5,0.6834201891259635,4,100.0
JUNB,PRDM1,0.6694543388822362,3,75.0
JUNB,RALGAPA1,0.6633165884402101,4,100.0
JUNB,FAM46C,0.6620301993550401,3,75.0
JUNB,HSPB1,0.6449719851922189,3,75.0
JUNB,MARCKSL1,0.6444732811879113,4,100.0
JUNB,PERP,0.6232212532498733,4,100.0
JUNB,RTN4,0.6154205732273935,4,100.0
JUNB,GPR183,0.6149675905404149,4,100.0
JUNB,TNFRSF1B,0.6005676223242069,4,100.0
JUNB,PELI1,0.578195451724333,4,100.0
JUNB,FTL,0.5692302502412002,4,100.0
JUNB,CREM,0.5578013583493249,4,100.0
JUNB,NR3C1,0.5502131992113374,3,75.0
JUNB,CD63,0.5360247747556527,3,75.0
JUNB,RALA,0.5333331550560273,3,75.0
JUNB,UPP1,0.5320103070780351,3,75.0
JUNB,ATP1B3,0.5206791639275177,3,75.0
JUNB,SARAF,0.511820318962702,4,100.0
JUNB,CDKN1A,0.5051449538993154,4,100.0
JUNB,SOD2,0.49898750884336907,4,100.0
JUNB,CHMP1B,0.49351694605006724,3,75.0
JUNB,TXNRD1,0.4851793642026825,4,100.0
JUNB,AQP3,0.44547664204908277,4,100.0
JUNB,RGCC,0.4430573362050816,4,100.0
JUNB,TRAF1,0.43903675395206104,4,100.0
JUNB,CCND2,0.40204927745771196,3,75.0
JUNB,HMGA1,0.3797003682037923,3,75.0
JUNB,ABLIM1,0.36002621689682013,4,100.0
JUNB,BTG2,0.3577750237388025,3,75.0
JUNB,NAMPT,0.35564886985942334,4,100.0
JUNB,TRAF4,0.33062511987408,3,75.0
JUNB,COTL1,0.3211719480414649,3,75.0
JUNB,PDE4B,0.3194726877843736,4,100.0
JUNB,DUSP4,0.3187314589233528,4,100.0
JUNB,TMEM2,0.3167976132656583,4,100.0
JUNB,SLC7A5,0.3119649417724693,3,75.0
JUNB,NDRG1,0.30704348486529215,3,75.0
JUNB,HSPH1,0.2935442331023137,4,100.0
JUNB,IL10RA,0.2921036765542715,3,75.0
JUNB,BHLHE40,0.28932316079880877,3,75.0
JUNB,NFATC2,0.28729460860330097,3,75.0
JUNB,SQSTM1,0.27767433159376964,4,100.0
JUNB,ITM2C,0.2762079928495167,3,75.0
JUNB,IDH2,0.27021391690795354,3,75.0
JUNB,FYN,0.26679230893779315,4,100.0
JUNB,SPTAN1,0.24012653954806873,3,75.0
JUNB,CD74,0.23984789656746086,4,100.0
JUNB,RGS2,0.2327047397501985,4,100.0
JUNB,FOXP1,0.23235612909714795,3,75.0
JUNB,ARID5A,0.2319834607885006,3,75.0
JUNB,IL21R,0.23186400950501002,4,100.0
JUNB,PTPRC,0.23093424481378966,3,75.0
JUNB,FAM65B,0.2272398735079488,4,100.0
JUNB,CBLB,0.20467046700441902,3,75.0
JUNB,FTH1,0.20376245713479382,3,75.0
JUNB,LMNA,0.1800976354322782,3,75.0
JUNB,SDCBP,0.17805019554403004,3,75.0
JUND,CYSTM1,2.111865632637403,4,100.0
JUND,SRSF7,1.8064540992119726,4,100.0
JUND,CCR7,1.6968811153820293,4,100.0
JUND,GADD45B,1.585937101259921,4,100.0
JUND,RPS27,1.5256361456652532,4,100.0
JUND,CD48,1.5091989734742657,4,100.0
JUND,DUSP4,1.5079595309564549,4,100.0
JUND,RALGAPA1,1.4569194136015735,4,100.0
JUND,RGCC,1.2712872750928128,4,100.0
JUND,ZFP36L2,1.23948496281903,4,100.0
JUND,PPP1R15A,1.2266798487499675,4,100.0
JUND,ADGRE5,1.1820891204597745,4,100.0
JUND,PABPC1,1.100388630706247,4,100.0
JUND,PRF1,1.0991895045802973,4,100.0
JUND,ZFP36,1.0908845419845947,4,100.0
JUND,RNF19A,1.0814486705292325,4,100.0
JUND,YPEL5,1.0364037528751928,4,100.0
JUND,ZC3H12A,1.0074650987498857,4,100.0
JUND,JUND,1.0,4,100.0
JUND,CSRNP1,0.9675428883611175,4,100.0
JUND,DUSP2,0.9601486822481857,4,100.0
JUND,AQP3,0.9446202085070314,4,100.0
JUND,RPL13A,0.9373660260429524,4,100.0
JUND,USP11,0.9349167235381067,4,100.0
JUND,RPS29,0.9255752393647068,4,100.0
JUND,PITPNC1,0.9070975105897379,4,100.0
JUND,EZR,0.8850530815618161,3,75.0
JUND,NFATC2,0.8801450645579749,4,100.0
JUND,HSP90AA1,0.8669255537958903,3,75.0
JUND,CD83,0.8452430119906126,3,75.0
JUND,ACP5,0.8430421047388875,3,75.0
JUND,CD53,0.8426879092666563,3,75.0
JUND,DNAJB1,0.8219205370426802,4,100.0
JUND,FAM65B,0.7882671432679965,4,100.0
JUND,NFKBIZ,0.7786278162301877,4,100.0
JUND,LMBRD1,0.7769847986990167,4,100.0
JUND,SARAF,0.7766028305973691,3,75.0
JUND,GLIPR1,0.7582067388437684,3,75.0
JUND,JUN,0.74806318384919,4,100.0
JUND,TMEM2,0.7458621402097924,4,100.0
JUND,DDIT4,0.7449509596999198,4,100.0
JUND,CCNH,0.7374333984461907,4,100.0
JUND,MTRNR2L8,0.7322140035705674,3,75.0
JUND,HLA-E,0.7309627838043872,4,100.0
JUND,PTRHD1,0.7235092778564169,4,100.0
JUND,BAZ1A,0.7222281328492208,3,75.0
JUND,TSC22D3,0.7078371207041991,4,100.0
JUND,KDM6B,0.7008480016321419,4,100.0
JUND,TSHZ2,0.6941946487995734,4,100.0
JUND,DUSP16,0.6877822094749036,4,100.0
JUND,CD74,0.6794824964809867,4,100.0
JUND,TNFAIP3,0.659622915449396,4,100.0
JUND,FAM177A1,0.6554782348247237,4,100.0
JUND,FOS,0.6531059569628772,4,100.0
JUND,PIK3R1,0.6470401547035658,4,100.0
JUND,CDKN1B,0.6358020352101778,3,75.0
JUND,HSPB1,0.6293110521773004,3,75.0
JUND,SLC7A5,0.6249281259906566,3,75.0
JUND,ANXA1,0.6197926651368024,4,100.0
JUND,CBLB,0.6010926847341473,4,100.0
JUND,IL10RA,0.5942655777609392,4,100.0
JUND,PFKFB3,0.5905113358189514,3,75.0
JUND,BTG1,0.5884623144227004,4,100.0
JUND,SMCHD1,0.5809025503029949,4,100.0
JUND,NR4A2,0.5678929551436337,3,75.0
JUND,FTH1,0.567688431681475,4,100.0
JUND,SNX9,0.5650676463379385,3,75.0
JUND,XAB2,0.5487575176343203,3,75.0
JUND,TUBA4A,0.5297404190729971,3,75.0
JUND,CD44,0.5291543698784937,4,100.0
JUND,PIM3,0.5288120277158671,3,75.0
JUND,GABARAPL1,0.525144381202138,4,100.0
JUND,ATP1A1,0.5207542986947772,4,100.0
JUND,HSPH1,0.5197771149839391,4,100.0
JUND,FYN,0.5186196127867095,3,75.0
JUND,CREM,0.5136290618826479,3,75.0
JUND,IER2,0.5133019932966167,4,100.0
JUND,TIMP1,0.4957499905054052,4,100.0
JUND,ARAP2,0.48559931992419114,4,100.0
JUND,STAT4,0.48252548398669964,3,75.0
JUND,RFTN1,0.4776177634014038,4,100.0
JUND,IL7R,0.47025189820462965,4,100.0
JUND,CST7,0.45814658541877407,4,100.0
JUND,ZNF331,0.4390844085047642,4,100.0
JUND,FAM50A,0.42100689591019047,4,100.0
JUND,OAT,0.4145192744323884,3,75.0
JUND,SYTL3,0.4035931167129232,4,100.0
JUND,GPR183,0.39781918305834973,4,100.0
JUND,HMGA1,0.39313820839042174,3,75.0
JUND,FAM46C,0.3926189976860744,3,75.0
JUND,MAP1LC3A,0.38951674381772433,4,100.0
JUND,PEA15,0.3864511660360521,4,100.0
JUND,CDKN1A,0.3864474175530965,4,100.0
JUND,SAT1,0.3813818822581857,4,100.0
JUND,TGFBR2,0.37925783624034665,3,75.0
JUND,ABLIM1,0.3730721092555202,4,100.0
JUND,MAP3K8,0.3719608106977332,4,100.0
JUND,EML4,0.3712844657128909,3,75.0
JUND,PTPRC,0.364246950204355,3,75.0
JUND,ARHGEF7,0.3555076432103228,4,100.0
JUND,IL21R,0.35480859277607696,4,100.0
JUND,PRNP,0.3528061496742796,3,75.0
JUND,HERPUD1,0.34540137511319163,3,75.0
JUND,ZEB2,0.34520566306114386,4,100.0
JUND,FOXP1,0.34275085926890814,3,75.0
JUND,VPS37B,0.3423637690489183,3,75.0
JUND,CXCR3,0.33983660235561247,4,100.0
JUND,INSIG1,0.3352151967364303,3,75.0
JUND,ELL2,0.32517494915702777,3,75.0
JUND,HSPA5,0.31793220494183794,4,100.0
JUND,ARID5A,0.3118524996222289,3,75.0
JUND,SYAP1,0.3088038581273922,4,100.0
JUND,PMAIP1,0.30796614062523825,3,75.0
JUND,AKNA,0.30354236867368245,3,75.0
JUND,JUNB,0.3023913309708769,3,75.0
JUND,CD7,0.2902394042272007,4,100.0
JUND,FOSL2,0.28880072969164605,4,100.0
JUND,DOK2,0.2825626823079896,3,75.0
JUND,DUSP1,0.2798011696755719,4,100.0
JUND,RTN4,0.2778113015737543,3,75.0
JUND,MARCKSL1,0.27412418783922615,3,75.0
JUND,PTGER4,0.27054560354386686,3,75.0
JUND,ASAH1,0.25492894194918003,4,100.0
JUND,SRRT,0.24603128111877626,3,75.0
JUND,SLC16A3,0.24050319246468455,4,100.0
JUND,SQSTM1,0.23379087037139334,3,75.0
JUND,STK17B,0.23000933291457826,3,75.0
JUND,STAT3,0.2212646920678657,3,75.0
JUND,IKZF3,0.22039829130817049,3,75.0
JUND,SESN3,0.2027198372324331,4,100.0
JUND,TGIF1,0.18539301969306377,3,75.0
JUND,CD247,0.1801607978478414,4,100.0
JUND,IRF2BP2,0.17309907668973523,4,100.0
JUND,LITAF,0.16048609080484919,3,75.0
JUND,TRAF1,0.1571608908756561,3,75.0
JUND,JOSD1,0.14874850074454268,3,75.0
JUND,BIRC2,0.13783516075053145,4,100.0
JUND,PPP1R16B,0.12983976869411432,3,75.0
JUND,PDE4B,0.09761595954411903,4,100.0
MAF,SNX9,1.898494804708892,3,75.0
MAF,TNFAIP8,1.6130252770702473,3,75.0
MAF,CD4,1.4840476216765037,3,75.0
MAF,NDRG1,1.322167474593232,3,75.0
MAF,IKZF3,0.8931359028809975,3,75.0
NFATC2,PITPNC1,1.368279200602915,3,75.0
NFATC2,NFATC2,1.0,3,75.0
NFKB1,CD83,2.4236074424915497,4,100.0
NFKB1,HLA-DRB5,2.3487155403437723,4,100.0
NFKB1,CD74,2.192989378101986,4,100.0
NFKB1,ZEB2,1.9276364484591522,4,100.0
NFKB1,CD44,1.8810489841361306,3,75.0
NFKB1,NFKBIZ,1.837669963315263,4,100.0
NFKB1,PEA15,1.8060369610283462,4,100.0
NFKB1,GRAMD1A,1.7933991896652408,4,100.0
NFKB1,BID,1.786237921167263,4,100.0
NFKB1,PDE4DIP,1.7289480150995944,4,100.0
NFKB1,PTGER4,1.696455191184563,4,100.0
NFKB1,ELL2,1.6683501521538335,4,100.0
NFKB1,PELI1,1.6085967805714525,4,100.0
NFKB1,TRAF1,1.5639171162425585,4,100.0
NFKB1,NFKBIA,1.4183431061184033,4,100.0
NFKB1,CDKN1A,1.371847689785615,4,100.0
NFKB1,PIM3,1.361978450870937,4,100.0
NFKB1,CTSS,1.308331925043096,4,100.0
NFKB1,ARID5A,1.2797302518143145,4,100.0
NFKB1,NINJ1,1.2476015992666247,4,100.0
NFKB1,HLA-DQB1,1.2338317806479182,4,100.0
NFKB1,RGS2,1.2192987350269415,4,100.0
NFKB1,BIRC3,1.1211721326529176,4,100.0
NFKB1,REL,1.0987849594881705,4,100.0
NFKB1,CTSB,1.0012788904191716,3,75.0
NFKB1,NFKB1,1.0,4,100.0
NFKB1,SOD2,0.9950373861141667,4,100.0
NFKB1,PDE4D,0.9760830543999046,3,75.0
NFKB1,NEAT1,0.9468486244948187,4,100.0
NFKB1,ZC3H12A,0.9417290997408763,4,100.0
NFKB1,RFTN1,0.9345959684697536,3,75.0
NFKB1,MAP3K8,0.8758911386354491,4,100.0
NFKB1,KDM6B,0.8657194629941187,4,100.0
NFKB1,TNFAIP8,0.8148060425164523,4,100.0
NFKB1,FTH1,0.8063853717115983,4,100.0
NFKB1,SAMSN1,0.7582184473126974,4,100.0
NFKB1,PARP8,0.7199613399686653,4,100.0
NFKB1,LMNA,0.7131153819981055,4,100.0
NFKB1,POLR3E,0.6892516001124317,3,75.0
NFKB1,NFKB2,0.6810127216820042,4,100.0
NFKB1,NR3C1,0.6730032388189102,4,100.0
NFKB1,RGS1,0.6636878246809523,4,100.0
NFKB1,CCR7,0.6300914631549812,4,100.0
NFKB1,CREM,0.6157724894878311,4,100.0
NFKB1,SRRT,0.6148048518999086,3,75.0
NFKB1,BIRC2,0.601084496828179,4,100.0
NFKB1,IRF2BP2,0.600984048859941,3,75.0
NFKB1,ATP1B3,0.5735653563682154,3,75.0
NFKB1,TRAF4,0.4880043497563977,4,100.0
NFKB1,TMEM2,0.47880493490893755,3,75.0
NFKB1,COTL1,0.47674095114529136,4,100.0
NFKB1,PDE4B,0.44230129466281287,4,100.0
NFKB1,STAT5B,0.4339019364397436,4,100.0
NFKB1,BAZ1A,0.41942786703979545,3,75.0
NFKB1,TGIF1,0.3917088480478325,3,75.0
NFKB1,MYADM,0.38096764110241715,3,75.0
NFKB1,CD69,0.3717986606677383,3,75.0
NFKB1,IL7R,0.355196583267112,4,100.0
NFKB1,BHLHE40,0.33684210351747557,3,75.0
NFKB1,CCL5,0.3142704608484726,4,100.0
NFKB1,TNFSF10,0.30431660444520864,3,75.0
NFKB1,HSP90B1,0.3009659910890921,4,100.0
NFKB1,TSHZ2,0.29933845635345835,3,75.0
NFKB1,NDRG1,0.29528987884684654,4,100.0
NFKB1,YPEL5,0.28163600263804545,4,100.0
NFKB1,RHBDF2,0.28096272524230714,4,100.0
NFKB1,RNF19A,0.2765375774314399,4,100.0
NFKB1,CST7,0.27102630226028673,3,75.0
NFKB1,CYSTM1,0.2540473938242556,3,75.0
NFKB1,RTN4,0.24987493802299499,4,100.0
NFKB1,TAGAP,0.24064791174214134,4,100.0
NFKB1,DUSP2,0.2320346507635531,4,100.0
NFKB1,STAT5A,0.20597909651530194,4,100.0
NFKB1,MARCKSL1,0.2049655206819476,4,100.0
NFKB1,JUNB,0.18869517629299257,3,75.0
NFKB1,NFATC2,0.1434888499758251,3,75.0
NFKB1,LYST,0.14125513235659748,3,75.0
NFKB1,CDC42EP3,0.13995606225809243,3,75.0
NFKB1,TNFAIP3,0.13903855748345242,4,100.0
NFKB1,STAT4,0.13215504086803911,3,75.0
NFKB1,CSRNP1,0.13125706913653418,4,100.0
NFKB1,CCNH,0.1291541271826026,4,100.0
NFKB1,FOSL2,0.12634839794325797,3,75.0
NFKB1,GZMK,0.12439085672361497,4,100.0
NFKB1,ZFP36,0.1011469094171724,4,100.0
NFKB1,PRDM1,0.0900129247095731,4,100.0
NFKB1,ZFP36L2,0.048563229950584326,4,100.0
NFKB2,STAT4,1.6787477772372126,4,100.0
NFKB2,RFTN1,1.3109777821057425,4,100.0
NFKB2,ATP2B4,1.1613651081895973,4,100.0
NFKB2,BID,1.1265448029623297,4,100.0
NFKB2,TMEM173,1.120213945550031,4,100.0
NFKB2,PDE4D,1.0961364085234289,4,100.0
NFKB2,ZEB2,1.0645795233149165,4,100.0
NFKB2,SPTAN1,1.0527143727528427,3,75.0
NFKB2,CTLA4,1.0356430118689575,4,100.0
NFKB2,IL21R,1.0340098965055053,4,100.0
NFKB2,TRAF1,1.0054098329426238,4,100.0
NFKB2,NFKB2,1.0,4,100.0
NFKB2,NFKB1,0.9671269471556799,4,100.0
NFKB2,CD83,0.9449673552934441,4,100.0
NFKB2,LMNA,0.9419219967703428,3,75.0
NFKB2,BHLHE40,0.8615153755922041,4,100.0
NFKB2,GRAMD1A,0.8342427887471761,4,100.0
NFKB2,PIM2,0.7884990593808766,3,75.0
NFKB2,CYSTM1,0.7817909239254197,4,100.0
NFKB2,RGS2,0.753128600487649,4,100.0
NFKB2,STAT5B,0.7506454334733939,4,100.0
NFKB2,CTSS,0.7371080608395122,4,100.0
NFKB2,MAF,0.7180733540192723,4,100.0
NFKB2,HLA-A,0.6843550602397784,4,100.0
NFKB2,SYTL2,0.6563702904229304,4,100.0
NFKB2,DDIT4,0.6116657778966724,4,100.0
NFKB2,CDKN1A,0.56486934951622,3,75.0
NFKB2,BAZ1A,0.5431478855945026,3,75.0
NFKB2,BIRC3,0.534051278953343,4,100.0
NFKB2,PELI1,0.5236392063292704,3,75.0
NFKB2,RNF19A,0.4955379313800265,3,75.0
NFKB2,JUNB,0.4572689491029264,3,75.0
NFKB2,KDM6B,0.45512650621439266,4,100.0
NFKB2,TSHZ2,0.4539605869875181,3,75.0
NFKB2,PRDM1,0.4427901720386286,4,100.0
NFKB2,SEC11C,0.43967426611106575,3,75.0
NFKB2,CCR7,0.41585606329824837,4,100.0
NFKB2,TNFAIP8,0.4106675808534317,4,100.0
NFKB2,ITGA4,0.40533534188721926,4,100.0
NFKB2,NFKBIA,0.4012683316782978,4,100.0
NFKB2,CD4,0.3873531890379645,4,100.0
NFKB2,ARID5A,0.3788582421002056,3,75.0
NFKB2,RGS1,0.3762645169680185,4,100.0
NFKB2,ADGRE5,0.3712835381796703,4,100.0
NFKB2,REL,0.36885724338858883,4,100.0
NFKB2,ZC3H12A,0.36770687085977966,4,100.0
NFKB2,TNFRSF4,0.36744857271250553,4,100.0
NFKB2,FYN,0.35754484337534614,4,100.0
NFKB2,LYST,0.3464925466280576,4,100.0
NFKB2,CD74,0.3300400077149741,4,100.0
NFKB2,TMEM2,0.3189730575832129,3,75.0
NFKB2,LAG3,0.30739204305152307,3,75.0
NFKB2,HLA-DQB1,0.30735789179710327,4,100.0
NFKB2,STAT3,0.2712621092536845,3,75.0
NFKB2,PIK3R1,0.27028819286199274,4,100.0
NFKB2,CTSB,0.27018297374143513,3,75.0
NFKB2,PIM3,0.25573036839570223,4,100.0
NFKB2,STAT5A,0.24719541011113924,4,100.0
NFKB2,CD44,0.2307269545113093,4,100.0
NFKB2,LCP1,0.22261805730514816,3,75.0
NFKB2,PDE4B,0.21154201142310045,3,75.0
NFKB2,YPEL5,0.2109598448764869,4,100.0
NFKB2,NFKBIZ,0.20606348403124988,3,75.0
NFKB2,PEA15,0.2019925831940402,4,100.0
NFKB2,PTGER4,0.1979815460719974,4,100.0
NFKB2,SATB1,0.1772626874393813,3,75.0
NFKB2,IL7R,0.17389329645865506,3,75.0
NFKB2,CCL5,0.17159232701063712,4,100.0
NFKB2,TAGAP,0.16896257155713088,3,75.0
NFKB2,TNFAIP3,0.16551330038842166,4,100.0
NFKB2,AKNA,0.15478178148199384,4,100.0
NFKB2,DNAJB1,0.15196291252951127,3,75.0
NFKB2,PPP1R16B,0.14464165560139938,4,100.0
NFKB2,GGA2,0.1405089346859697,3,75.0
NFKB2,DUSP2,0.13209348405785393,4,100.0
NFKB2,CD69,0.122302586538705,4,100.0
NFKB2,ELL2,0.11980266434661269,3,75.0
NFKB2,CRIP1,0.11116120032251262,4,100.0
NFKB2,CCNH,0.09038588598639347,3,75.0
NFKB2,ZFP36,0.0769369597010786,3,75.0
NFKB2,ZFP36L2,0.06315791127384417,3,75.0
NFKB2,GADD45B,0.04780679450201131,3,75.0
PRDM1,ZEB2,1.9366950987660339,4,100.0
PRDM1,IL21R,1.5057110677023902,4,100.0
PRDM1,PRDM1,1.0,4,100.0
PRDM1,PABPC1,0.8842200545892185,3,75.0
PRDM1,CMIP,0.7928094366391341,4,100.0
PRDM1,CTSB,0.7425757168635222,3,75.0
PRDM1,SAMSN1,0.7081211212435577,4,100.0
PRDM1,LDLRAD4,0.7056942512546462,4,100.0
PRDM1,FYN,0.7033109655208992,3,75.0
PRDM1,PDE4DIP,0.6532167042845236,3,75.0
PRDM1,TAGAP,0.6265581618526961,4,100.0
PRDM1,ATP2B4,0.6231551451426282,4,100.0
PRDM1,DUSP16,0.5728143188991949,3,75.0
PRDM1,KDM6B,0.5728089633210016,3,75.0
PRDM1,FOSL2,0.5460577264552768,3,75.0
PRDM1,UCP2,0.47041790001542455,3,75.0
PRDM1,DOK2,0.47029040163773733,3,75.0
PRDM1,CXCR3,0.398912252292689,4,100.0
PRDM1,ITPR1,0.36214080525411263,4,100.0
PRDM1,FAM107B,0.3340631758956545,3,75.0
PRDM1,MAP3K8,0.321249088369999,3,75.0
PRDM1,RGCC,0.3170342531468506,3,75.0
PRDM1,LCP1,0.3095632052489301,4,100.0
PRDM1,TRAF1,0.2665119827561339,3,75.0
PRDM1,ARHGAP9,0.2293334371973578,3,75.0
PRDM1,TNFAIP8,0.19361656727830046,3,75.0
PRDM1,TSC22D3,0.12473425801432926,3,75.0
REL,SERPINB9,4.588612479873504,4,100.0
REL,NFKBIA,4.008319101909542,4,100.0
REL,HLA-DRB5,3.457852514953806,3,75.0
REL,GPR183,3.283682665437073,4,100.0
REL,CD74,3.2343041936949355,4,100.0
REL,NFKBIZ,3.2217205743564725,4,100.0
REL,JUNB,3.1859778607931766,4,100.0
REL,KDM6B,3.184947020162952,4,100.0
REL,JUN,3.072704409145042,4,100.0
REL,BAZ1A,2.9150875270195424,4,100.0
REL,NFKB1,2.8362613889248935,4,100.0
REL,ARAP2,2.746129271381095,4,100.0
REL,NR4A2,2.7450018630515594,4,100.0
REL,CD83,2.708517473645711,4,100.0
REL,PIM3,2.5716816180087716,4,100.0
REL,HLA-DQB1,2.563916628874755,4,100.0
REL,ELL2,2.5068636129021047,4,100.0
REL,CCND2,2.3737294162249647,4,100.0
REL,NEAT1,2.364322980747396,4,100.0
REL,PABPC1,2.2890261496884503,4,100.0
REL,RTN4,2.286440024832821,4,100.0
REL,PEA15,2.1936309851355293,4,100.0
REL,MARCKSL1,2.1867021934580095,3,75.0
REL,BIRC3,2.1829213408577517,4,100.0
REL,SOD2,2.1243132459267446,4,100.0
REL,PDE4DIP,2.010103023333488,4,100.0
REL,BID,1.997995339628583,4,100.0
REL,FKBP4,1.9962658253896155,4,100.0
REL,CD44,1.9834781432224344,4,100.0
REL,NINJ1,1.930143613283174,4,100.0
REL,CDKN1A,1.8748150381822828,4,100.0
REL,FTH1,1.8267033300673567,4,100.0
REL,TRAF1,1.7363686424259888,4,100.0
REL,TNFAIP3,1.5630072950507068,4,100.0
REL,ZFP36,1.5559868354680997,4,100.0
REL,LITAF,1.465325844113111,4,100.0
REL,JOSD1,1.4183309889037066,4,100.0
REL,FOSL2,1.3776676507622194,4,100.0
REL,ZFP36L2,1.3227870525600416,4,100.0
REL,ZC3H12A,1.3111219514564794,4,100.0
REL,BIRC2,1.296278242879259,4,100.0
REL,ZEB2,1.2954538298868217,4,100.0
REL,CREM,1.2841737999372203,4,100.0
REL,PDE4B,1.2536988846376,4,100.0
REL,SAMSN1,1.250004211186892,4,100.0
REL,SDCBP,1.2333400345579033,4,100.0
REL,RNF19A,1.2030361354572836,4,100.0
REL,GADD45B,1.1836235192567521,4,100.0
REL,RFTN1,1.1794637261368892,4,100.0
REL,DUSP2,1.1767151317678812,4,100.0
REL,CCR7,1.1259643731444167,4,100.0
REL,FOS,1.102800564037836,3,75.0
REL,PERP,1.0394735793392642,4,100.0
REL,ITGA4,1.0262483116015246,4,100.0
REL,CSRNP1,1.0244003356853522,4,100.0
REL,RGS1,1.0213385536327086,4,100.0
REL,CD69,1.0161201692123858,4,100.0
REL,CAPG,1.012972673731863,4,100.0
REL,MGST3,1.012391347896462,4,100.0
REL,REL,1.0,4,100.0
REL,PARP8,0.9605274038639195,4,100.0
REL,ARID5A,0.954957915244822,4,100.0
REL,STAT3,0.8712171779662152,4,100.0
REL,CD63,0.8446112393956713,4,100.0
REL,NFKB2,0.8390351515213684,4,100.0
REL,RGS2,0.804350456532553,4,100.0
REL,JUND,0.7249875954297269,4,100.0
REL,DDIT4,0.7226187712616464,4,100.0
REL,ASAH1,0.7174151416047336,4,100.0
REL,BHLHE40,0.7124269643475973,4,100.0
REL,TUBA1C,0.6887812465691853,3,75.0
REL,SQSTM1,0.6853698506721911,4,100.0
REL,ATP1B3,0.6794282483901838,4,100.0
REL,HMGA1,0.6512465599363929,4,100.0
REL,TNFAIP8,0.6435378974389722,3,75.0
REL,TGIF1,0.6219525899803949,4,100.0
REL,TNFSF10,0.6115215688001091,4,100.0
REL,CTSB,0.6057183808445415,3,75.0
REL,CCL5,0.6011562118905123,4,100.0
REL,CYSTM1,0.5888808024948549,4,100.0
REL,CD5,0.583935116495304,4,100.0
REL,PTGER4,0.57713479741109,4,100.0
REL,IL7R,0.5768395087838933,4,100.0
REL,IRF2BP2,0.5749689833099458,4,100.0
REL,PELI1,0.5698171557749308,3,75.0
REL,TGFB1,0.5649987892941961,3,75.0
REL,TRAF4,0.5530698662319207,4,100.0
REL,TNFRSF1B,0.5379725200512799,4,100.0
REL,MAP3K8,0.5203187977806344,4,100.0
REL,PRDM1,0.5022521251270682,4,100.0
REL,GZMK,0.49250052413057477,4,100.0
REL,FOXP1,0.48174989671393625,3,75.0
REL,PPP1R16B,0.47827526128462783,4,100.0
REL,SLC39A8,0.4750274580609424,3,75.0
REL,COTL1,0.4576404460283349,4,100.0
REL,DNAJB1,0.4549430927027652,4,100.0
REL,TPM4,0.442291846587195,4,100.0
REL,STAT5A,0.3959478944799347,4,100.0
REL,SATB1,0.3944459986747267,3,75.0
REL,SEMA4D,0.39307137987399443,4,100.0
REL,TSC22D3,0.379720368063362,3,75.0
REL,SUN2,0.3698765512282783,4,100.0
REL,TAGAP,0.3607699812957263,4,100.0
REL,NFATC2,0.2774076253781985,4,100.0
REL,GRAMD1A,0.26528288208020057,4,100.0
REL,EML4,0.26523124134890663,3,75.0
REL,IL21R,0.24645860172388626,3,75.0
REL,RAB11FIP1,0.2236645701701701,4,100.0
REL,DUSP16,0.20464886776951607,3,75.0
REL,STAT4,0.18151986319974564,3,75.0
REL,YPEL5,0.1763560159497342,4,100.0
REL,ITM2C,0.13544013882304043,3,75.0
REL,CST7,0.09390008175893667,3,75.0
SOX4,MARCKSL1,1.9260400573886949,4,100.0
SOX4,HSPH1,1.7759101642174473,3,75.0
SOX4,ATP1A1,1.3136796933902921,3,75.0
SOX4,TXNIP,1.1064513522068344,4,100.0
SOX4,SOX4,1.0,4,100.0
SOX4,RTN4,0.952781287247013,3,75.0
SOX4,CMIP,0.7188087350145796,3,75.0
STAT3,SEMA4D,2.425934174201452,4,100.0
STAT3,DUSP4,2.1615304824562767,4,100.0
STAT3,LCP1,2.0278715424634433,4,100.0
STAT3,DUSP16,1.84957882623801,4,100.0
STAT3,ARHGAP9,1.83549515289421,4,100.0
STAT3,CYSTM1,1.8269720207771951,4,100.0
STAT3,SMCHD1,1.754601037431636,4,100.0
STAT3,CD8A,1.5892660399849743,4,100.0
STAT3,ITGA4,1.5396850929573809,3,75.0
STAT3,PTMS,1.4872634471291308,4,100.0
STAT3,COTL1,1.4355973825317387,4,100.0
STAT3,ADGRE5,1.3596131597332726,4,100.0
STAT3,FYN,1.3291459228817333,4,100.0
STAT3,RFTN1,1.3221170261605808,4,100.0
STAT3,FTH1,1.3117181434104002,4,100.0
STAT3,OASL,1.2455668693089927,4,100.0
STAT3,DOK2,1.226250074430705,4,100.0
STAT3,JAML,1.2020442962350888,3,75.0
STAT3,PTGER4,1.1899653595033848,4,100.0
STAT3,CXCR3,1.1130466752543724,4,100.0
STAT3,SLC7A5,1.1071799884245563,4,100.0
STAT3,LITAF,1.106291552940237,4,100.0
STAT3,IL21R,1.089457340566785,4,100.0
STAT3,TXNIP,1.0632712586713986,3,75.0
STAT3,SUN2,1.0503131451685435,4,100.0
STAT3,LINC00152,1.0395335920826898,4,100.0
STAT3,MGST3,1.0267289458277404,4,100.0
STAT3,DUSP1,1.0226647604882102,4,100.0
STAT3,BHLHE40,1.0165623889937505,4,100.0
STAT3,SRGN,1.0058545776159635,4,100.0
STAT3,FOSL2,1.0041155122264094,4,100.0
STAT3,STAT3,1.0,4,100.0
STAT3,TMEM2,0.9918609120613123,4,100.0
STAT3,DUSP2,0.9883591607443534,4,100.0
STAT3,ARHGEF7,0.987294171920005,4,100.0
STAT3,BIRC2,0.9798909886943689,4,100.0
STAT3,XAB2,0.9760949023363539,4,100.0
STAT3,SYTL3,0.9668370347510598,4,100.0
STAT3,JOSD1,0.9630233111963827,4,100.0
STAT3,LEPROTL1,0.9608368585530277,4,100.0
STAT3,ZNF331,0.9115691931736803,3,75.0
STAT3,CMIP,0.9073163056718929,3,75.0
STAT3,UCP2,0.9046562751264671,4,100.0
STAT3,CBLB,0.899300332170395,3,75.0
STAT3,ATP2B4,0.8985672760039869,4,100.0
STAT3,PIM3,0.8960143056307159,4,100.0
STAT3,TIMP1,0.895845695434668,4,100.0
STAT3,SDCBP,0.8900524001685648,4,100.0
STAT3,BATF,0.8774618711831224,3,75.0
STAT3,SPOCK2,0.8703815419722145,4,100.0
STAT3,PTPRC,0.8679365348620028,4,100.0
STAT3,RPS29,0.840133138350182,4,100.0
STAT3,NDRG1,0.837119844334279,4,100.0
STAT3,SH2D1A,0.83438774567782,3,75.0
STAT3,G6PD,0.823956580725363,4,100.0
STAT3,ZC3H12A,0.8063796523007467,4,100.0
STAT3,ISG15,0.8040741454983267,4,100.0
STAT3,CTSS,0.7938155129538806,4,100.0
STAT3,TSC22D3,0.7932905159506732,4,100.0
STAT3,TNFRSF1B,0.7895818053868181,4,100.0
STAT3,CSRNP1,0.7885936204214756,4,100.0
STAT3,NAMPT,0.7876820237383203,4,100.0
STAT3,JUNB,0.7732013115699237,4,100.0
STAT3,ZFP36L2,0.7668168800312068,3,75.0
STAT3,RASAL3,0.7637160062547318,3,75.0
STAT3,MAP3K8,0.7585932907861078,4,100.0
STAT3,FAM65B,0.7508129524001843,4,100.0
STAT3,ATP1A1,0.7493756584715924,4,100.0
STAT3,CTSB,0.740331574884641,3,75.0
STAT3,NR4A2,0.7371672471120717,4,100.0
STAT3,MAP1LC3A,0.7289656709405044,4,100.0
STAT3,TUBA4A,0.7208642585738441,4,100.0
STAT3,SYTL2,0.7172186342507528,3,75.0
STAT3,FKBP4,0.7117857429055742,3,75.0
STAT3,GABARAPL1,0.711784749977789,4,100.0
STAT3,CCL5,0.7086421129363002,4,100.0
STAT3,CHMP1B,0.7044450286143289,4,100.0
STAT3,LYST,0.7042016740126503,3,75.0
STAT3,GIMAP4,0.6961372076268822,4,100.0
STAT3,AKNA,0.694306860844714,4,100.0
STAT3,CD53,0.6882390000584059,3,75.0
STAT3,LDLRAD4,0.6855142066934107,4,100.0
STAT3,ALOX5AP,0.6803817720238327,4,100.0
STAT3,TRAF1,0.6692711532653859,4,100.0
STAT3,LIMS1,0.669156337064979,3,75.0
STAT3,HLA-DQA1,0.6678390976414375,4,100.0
STAT3,GLUL,0.6607996008212682,4,100.0
STAT3,PEA15,0.6531801383123397,4,100.0
STAT3,PABPC1,0.6501731065428853,4,100.0
STAT3,UPP1,0.638769211289711,4,100.0
STAT3,TBC1D4,0.6352496482057504,3,75.0
STAT3,BTG1,0.6332601311606247,4,100.0
STAT3,RALA,0.6235497647216734,4,100.0
STAT3,NFKBIZ,0.6223292348041365,4,100.0
STAT3,BTG2,0.616239171921038,3,75.0
STAT3,BAZ1A,0.6158658704626531,4,100.0
STAT3,TXNRD1,0.6106784201889127,4,100.0
STAT3,APLP2,0.6090891043558693,4,100.0
STAT3,IDH2,0.6060667909230619,3,75.0
STAT3,ITGAE,0.6050577647606182,3,75.0
STAT3,IER2,0.5997424255354948,4,100.0
STAT3,HTATIP2,0.5991161051971605,3,75.0
STAT3,IL7R,0.5896392069295706,4,100.0
STAT3,PDE4B,0.5855927883110463,3,75.0
STAT3,YPEL5,0.572784194669893,4,100.0
STAT3,GZMB,0.5708157317468381,4,100.0
STAT3,PRDM1,0.5637082499455501,4,100.0
STAT3,JUN,0.5591960932020484,4,100.0
STAT3,MAF,0.5479772038126316,4,100.0
STAT3,AUTS2,0.5383540694372653,4,100.0
STAT3,HLA-DRA,0.537397034698431,3,75.0
STAT3,ABLIM1,0.5228133436202478,4,100.0
STAT3,IKZF3,0.49556695717438115,4,100.0
STAT3,RGCC,0.49373576901013183,4,100.0
STAT3,STAT5A,0.4860422342020866,4,100.0
STAT3,CDC42EP3,0.485429576951949,4,100.0
STAT3,SRRT,0.4717574185788071,3,75.0
STAT3,TSHZ2,0.46989867978433547,3,75.0
STAT3,TAGAP,0.4698042099428901,4,100.0
STAT3,PDE4DIP,0.4666123484325676,4,100.0
STAT3,DNAJB1,0.4660494836394765,4,100.0
STAT3,ARAP2,0.46434616152583796,4,100.0
STAT3,LMNA,0.46115794847355124,3,75.0
STAT3,LAG3,0.4576850230373848,3,75.0
STAT3,GPR183,0.44921137420356394,3,75.0
STAT3,CHD2,0.44783394216344735,4,100.0
STAT3,REL,0.4438901521238553,4,100.0
STAT3,PARP8,0.4430090710807324,4,100.0
STAT3,TNFSF10,0.43292479363756026,3,75.0
STAT3,CD4,0.4244028674955919,3,75.0
STAT3,TNFAIP3,0.41866347362532563,4,100.0
STAT3,AQP3,0.41825216966446316,4,100.0
STAT3,ARID5A,0.41680443410624046,3,75.0
STAT3,CCND2,0.41613499301376333,4,100.0
STAT3,PIK3R1,0.40863928821860596,4,100.0
STAT3,ZEB2,0.4074375773053537,4,100.0
STAT3,MVP,0.4071657405803493,4,100.0
STAT3,HSPA5,0.3989016142612258,4,100.0
STAT3,CD44,0.3961371082877789,4,100.0
STAT3,SOX4,0.3946969536917004,3,75.0
STAT3,RGS2,0.39388644896164227,3,75.0
STAT3,NFATC2,0.38819405430852233,4,100.0
STAT3,BCL2L11,0.38183323482725473,4,100.0
STAT3,SAT1,0.37806437213165445,4,100.0
STAT3,PITPNC1,0.3774283438700019,4,100.0
STAT3,JUND,0.3701014554087512,4,100.0
STAT3,IRF7,0.3629771498774654,4,100.0
STAT3,SESN3,0.3554430463253322,4,100.0
STAT3,RNF19A,0.35102089605052095,4,100.0
STAT3,FAM107B,0.34561928579025386,3,75.0
STAT3,BID,0.34402941055495684,3,75.0
STAT3,GALM,0.3332229031978043,3,75.0
STAT3,ICOS,0.3310452835540307,4,100.0
STAT3,MARCKSL1,0.3258793294234149,4,100.0
STAT3,TGIF1,0.3172346689435608,4,100.0
STAT3,GATA3,0.31231875972359074,3,75.0
STAT3,NINJ1,0.3115400787421683,4,100.0
STAT3,GADD45B,0.3079804178954444,4,100.0
STAT3,PTP4A1,0.2993065148643813,4,100.0
STAT3,KDM6B,0.29551275606149674,4,100.0
STAT3,PPP1R16B,0.2918406853318323,3,75.0
STAT3,P2RY10,0.2904693086805518,3,75.0
STAT3,MIR4435-2HG,0.2868451450630126,3,75.0
STAT3,SAMSN1,0.2783378443663595,4,100.0
STAT3,STAT5B,0.27348733685828436,4,100.0
STAT3,CXCR4,0.2698091705299734,4,100.0
STAT3,FOXP1,0.26737512757127935,3,75.0
STAT3,VPS37B,0.2624200977483335,4,100.0
STAT3,CREM,0.25937958149549073,4,100.0
STAT3,CORO1B,0.2477780424688849,4,100.0
STAT3,RGS1,0.2421798158370776,4,100.0
STAT3,SATB1,0.21156783771953253,4,100.0
STAT3,BIRC3,0.19907944352919094,3,75.0
STAT3,TGFBR2,0.1872231346864083,4,100.0
STAT3,NR3C1,0.1816483416889797,4,100.0
STAT3,RTN4,0.17944615007724068,4,100.0
STAT3,ZFP36,0.1516831525111496,4,100.0
STAT3,SYPL1,0.14866713250031624,3,75.0
STAT3,ANXA1,0.13829406628515994,4,100.0
STAT3,INSIG1,0.1108940436542431,3,75.0
STAT4,PDE4B,1.2882552781368721,3,75.0
STAT5A,HTATIP2,2.804680909306279,3,75.0
STAT5A,PRDM1,2.1656917098567448,3,75.0
STAT5A,STAT5B,1.3718726963838344,4,100.0
STAT5A,STAT5A,1.0,3,75.0
STAT5A,NFATC2,0.889264163797157,3,75.0
STAT5A,ARID5A,0.7851234628519915,4,100.0
STAT5A,IKZF3,0.7639074608390123,3,75.0
STAT5A,FOXP1,0.6966143382469712,3,75.0
STAT5A,PKM,0.5406946919953436,3,75.0
STAT5A,ZEB2,0.5218299184087639,3,75.0
STAT5A,SESN3,0.34001495578546165,3,75.0
STAT5A,RNF19A,0.201796615378063,3,75.0
STAT5A,PEA15,0.1979443036991222,3,75.0
STAT5A,TSHZ2,0.167189111124866,3,75.0
STAT5A,JUNB,0.15403436070833584,3,75.0
STAT5A,CXCL13,0.1414214886846775,3,75.0
TGIF1,VPS37B,1.8414980099031917,4,100.0
TGIF1,RALGAPA1,1.5940208109163139,4,100.0
TGIF1,CYSTM1,1.4588081111562567,3,75.0
TGIF1,HSPH1,1.3197989628988622,4,100.0
TGIF1,RTN4,1.0977764135767938,3,75.0
TGIF1,GPCPD1,1.0382204928941812,4,100.0
TGIF1,BIRC2,0.9827987831659651,3,75.0
TGIF1,MAP1LC3A,0.9397453543943017,4,100.0
TGIF1,CHMP1B,0.8716703819958705,4,100.0
TGIF1,KDM6B,0.8707869950149864,4,100.0
TGIF1,SMCHD1,0.8658492742035517,4,100.0
TGIF1,BTG2,0.8312594870835937,4,100.0
TGIF1,CCND2,0.7807077935865753,3,75.0
TGIF1,PTP4A1,0.7316849564337766,4,100.0
TGIF1,RPS29,0.7109556907209118,4,100.0
TGIF1,NAMPT,0.6347677679208281,4,100.0
TGIF1,JOSD1,0.5430795508661622,3,75.0
TGIF1,PDE4D,0.5412871840081807,3,75.0
TGIF1,PPP1R15A,0.5359651824117863,3,75.0
TGIF1,MAF,0.5131574660773045,4,100.0
TGIF1,LMBRD1,0.5101593470029339,4,100.0
TGIF1,FOXP1,0.4254842270970473,3,75.0
TGIF1,DUSP16,0.41999499709051313,4,100.0
TGIF1,IL10RA,0.39006072946916376,3,75.0
TGIF1,FAM107B,0.38871882289281295,3,75.0
TGIF1,TRAF4,0.3830267343288689,4,100.0
TGIF1,FAM177A1,0.3446043792387789,3,75.0
TGIF1,CD53,0.3434535987969944,3,75.0
TGIF1,BTG1,0.33489246141322493,3,75.0
TGIF1,NINJ1,0.330566539653816,4,100.0
TGIF1,STAT3,0.3086985855409311,4,100.0
TGIF1,NR4A2,0.26343343453516266,4,100.0
TGIF1,CREM,0.256485571962026,3,75.0
TGIF1,LCP1,0.1967667308280918,3,75.0
TGIF1,DUSP2,0.16278949307135818,3,75.0
TGIF1,JUND,0.14738482758337051,4,100.0
TGIF1,REL,0.12710348354759268,4,100.0
TGIF1,CHD2,0.04955352705715053,3,75.0
XBP1,SSR4,3.603897837614145,4,100.0
XBP1,HERPUD1,2.765124723242547,4,100.0
XBP1,SQSTM1,1.272283339227253,3,75.0
XBP1,BTG2,1.1686715083020105,4,100.0
XBP1,RHBDF2,0.745732881390548,3,75.0
XBP1,ELL2,0.7185637377570098,4,100.0
XBP1,FAM46C,0.6692057143114817,3,75.0
XBP1,CDKN1A,0.5680982705284965,4,100.0
XBP1,DUSP1,0.5670330671653775,3,75.0
XBP1,ARID5A,0.5185725415947438,3,75.0
XBP1,NR3C1,0.46753410926520445,4,100.0
XBP1,DNAJC1,0.4642227932569334,3,75.0
XBP1,SLC16A3,0.408518946647584,3,75.0
XBP1,NFKB2,0.39321803762280405,3,75.0
XBP1,NEAT1,0.386557879320557,4,100.0
XBP1,VPS37B,0.3767286995547106,3,75.0
XBP1,FAM50A,0.37535444305344395,3,75.0
XBP1,GZMB,0.3380025060379182,3,75.0
XBP1,USP11,0.26707877446720124,4,100.0
XBP1,FYN,0.225474779126964,3,75.0
XBP1,NFATC2,0.16902793560265433,4,100.0
XBP1,RALGAPA1,0.15257310592334067,4,100.0
XBP1,PDE4B,0.13283181075785438,4,100.0
